Name,Price,Rating,Release,Follows,Online,Peak,Genre
Buy a Croquette!,Free,95.25%,Apr 2024,"3,964",22,451,Strategy-RPG
Tactical Breach Wizards,$19.99,95.21%,Aug 2024,"51,009",82,"4,761",Strategy-RPG
Divinity: Original Sin 2 - Definitive Edition,$44.99,94.61%,Sep 2017,"493,924","3,831","93,701",Strategy-RPG
Arrow a Row,Free,94.22%,Aug 2023,"3,288",50,"9,404",Strategy-RPG
Persona 3 Reload,$59.99,92.57%,Feb 2024,"101,991","1,388","45,002",Strategy-RPG
Farmer Against Potatoes Idle,Free,92.14%,Sep 2024,"2,075","1,601","8,951",Strategy-RPG
Symphony of War: The Nephilim Saga,$7.99,92.11%,Jun 2022,"45,918",222,"4,383",Strategy-RPG
Shogun Showdown,$7.49,92.03%,Sep 2024,"22,036",256,"1,860",Strategy-RPG
BoardLand,Free,91.98%,Jan 2024,777,1,223,Strategy-RPG
Bitburner,Free,91.93%,Dec 2021,"18,281",600,"5,935",Strategy-RPG
Karryn's Prison,$29.99,91.81%,Dec 2021,"30,961",143,"1,689",Strategy-RPG
The Riftbreaker: Prologue,Free,91.75%,Aug 2020,"14,367",1,"1,139",Strategy-RPG
Our Adventurer Guild,$14.99,91.69%,Apr 2024,"9,847",212,995,Strategy-RPG
Back to the Dawn,$23.99,91.30%,Jul 2025,"42,023",110,"9,624",Strategy-RPG
觅长生,$14.99,91.27%,Nov 2019,"71,252",541,"26,379",Strategy-RPG
The Legend of Heroes: Trails in the Sky,$9.99,91.14%,Jul 2014,"48,330",85,"2,014",Strategy-RPG
TROUBLESHOOTER: Abandoned Children,$24.99,91.08%,Apr 2020,"41,481",114,"1,012",Strategy-RPG
Loop Hero,$14.99,91.04%,Mar 2021,"60,957",224,"51,156",Strategy-RPG
Gumballs & Dungeons,Free,91.01%,Mar 2025,982,55,"2,755",Strategy-RPG
Ancient Warfare 3,$12.99,90.97%,Jan 2024,"5,354",50,180,Strategy-RPG
Battle for Wesnoth,Free,90.95%,Jun 2003,"14,429",260,"1,019",Strategy-RPG
Dungeon Defenders,$14.99,90.87%,Oct 2011,"34,463",306,"21,862",Strategy-RPG
Soda Dungeon 2,Free,90.86%,Jul 2020,"7,561",242,"13,385",Strategy-RPG
Fantasy Maiden Wars - DREAM OF THE STRAY DREAMER -,$34.99,90.54%,Oct 2025,"3,122",105,558,Strategy-RPG
Countryball: Europe 1890,$3.99,90.36%,Mar 2022,534,3,78,Strategy-RPG
Q-UP,$9.99,90.30%,Nov 2025,"1,695",170,"1,388",Strategy-RPG
Magicraft,$15.99,90.15%,Nov 2024,"33,754",567,"18,834",Strategy-RPG
Reverse: 1999,Free,90.12%,Oct 2024,"8,181",674,"6,668",Strategy-RPG
Worldless,$19.99,90.10%,Nov 2023,"6,750",12,113,Strategy-RPG
Suzerain,$19.99,90.07%,Dec 2020,"22,967",222,"3,382",Strategy-RPG
Swords & Souls: Neverseen,$14.99,90.06%,Jul 2019,"24,568",63,"2,137",Strategy-RPG
Depersonalization,$19.99,90.05%,Aug 2024,"42,150",22,"3,628",Strategy-RPG
MareQuest: An Interactive Tail,$4.99,90.02%,Sep 2023,434,0,27,Strategy-RPG
Erenshor,$19.99,90.01%,Apr 2025,"18,503",68,"1,096",Strategy-RPG
Blue Archive,Free,89.99%,Jul 2025,"43,328","3,377","27,077",Strategy-RPG
我打不过漂亮的她们,$8.79,89.73%,Sep 2025,"8,065",16,"7,299",Strategy-RPG
Horizon's Gate,$19.99,89.72%,Mar 2020,"6,702",16,396,Strategy-RPG
打工吧！天使酱 ~天使在魔界的劳改生活~,Free,89.72%,Jul 2022,"1,417",0,87,Strategy-RPG
WasteLand Express 废土快递,—,89.48%,Oct 2022,"4,945",9,472,Strategy-RPG
Crown and Adventure / 王冠与冒险  DemoDemo,Free,89.40%,Feb 2025,—,3,464,Strategy-RPG
Siralim Ultimate,$19.99,89.35%,Dec 2021,"10,511",73,761,Strategy-RPG
Black Book,$24.99,89.31%,Aug 2021,"36,290",69,"1,817",Strategy-RPG
The Last Spell,$24.99,89.30%,Mar 2023,"64,749",179,"6,755",Strategy-RPG
Cyber Knights: Flashpoint,$22.49,89.30%,Jun 2025,"21,980",114,"1,176",Strategy-RPG
Out Of Hands,$17.99,89.25%,Apr 2025,"5,354",0,"1,387",Strategy-RPG
Obenseuer,$19.99,89.10%,Dec 2018,"5,298",82,677,Strategy-RPG
Fuga: Melodies of Steel 2,$39.99,89.03%,May 2023,"5,571",4,146,Strategy-RPG
Siralim 3,$14.99,89.03%,Oct 2018,"2,799",0,193,Strategy-RPG
Heroes of the Three Kingdoms 2,$0.99,88.80%,Nov 2020,"1,824",190,"1,026",Strategy-RPG
Swords and Sandals Classic Collection,$6.99,88.79%,Apr 2019,"4,510",92,553,Strategy-RPG
Galaxy Life,Free,88.76%,Aug 2022,"9,745",352,"4,741",Strategy-RPG
A Random Maze 某个迷宫,Free,88.73%,Mar 2021,"1,806",0,55,Strategy-RPG
Touhou: Lost Branch of Legend,$29.99,88.72%,Aug 2022,"6,624",67,511,Strategy-RPG
Utawarerumono: Prelude to the Fallen,$35.99,88.63%,Jan 2021,"9,880",9,344,Strategy-RPG
Metaphor: ReFantazio,$34.99,88.57%,Oct 2024,"98,365","1,603","85,961",Strategy-RPG
求闻编年史 ～ Gensokyo Recollection,Free,88.57%,Aug 2022,477,0,30,Strategy-RPG
The Riftbreaker,$29.99,88.53%,Oct 2021,"107,952",813,"21,741",Strategy-RPG
Gladiator Guild Manager: Prologue,Free,88.47%,Aug 2020,"6,311",0,482,Strategy-RPG
"Don't FOOL ME, Beauties! DemoDemo",Free,88.33%,May 2025,—,1,36,Strategy-RPG
No Time to Relax,$13.99,88.27%,Feb 2019,"8,236",37,"1,649",Strategy-RPG
Tinyfolks,$3.99,88.23%,Jun 2022,"3,441",2,436,Strategy-RPG
Shardpunk,$5.59,88.22%,Apr 2023,"8,596",24,547,Strategy-RPG
Voidspire Tactics,$14.99,88.22%,Nov 2015,"1,499",0,22,Strategy-RPG
Hearts of Iron IV,$14.99,88.20%,Jun 2016,"458,609","48,346","93,196",Strategy-RPG
VenusBlood HOLLOW International,$44.99,88.20%,Jan 2022,"4,620",5,343,Strategy-RPG
Fuga: Melodies of Steel,$39.99,88.19%,Jul 2021,"11,891",9,415,Strategy-RPG
Brigand: Oaxaca,$8.99,88.16%,Jul 2017,"2,166",1,22,Strategy-RPG
Rising Star 2,$19.99,88.16%,Aug 2020,"1,787",26,126,Strategy-RPG
Master of Command,$29.99,88.05%,Oct 2025,"21,325",956,"5,142",Strategy-RPG
Geneforge 2 - Infestation,$19.99,87.95%,Mar 2024,"2,679",4,215,Strategy-RPG
Slaughter Horse 2,$5.99,87.92%,Dec 2022,536,4,38,Strategy-RPG
Templar Battleforce,$2.99,87.87%,Sep 2015,"11,856",2,106,Strategy-RPG
Valkyria Chronicles™,$4.99,87.82%,Nov 2014,"72,172",67,"5,039",Strategy-RPG
LunarLux,$7.99,87.74%,Sep 2023,"3,366",5,54,Strategy-RPG
Rogue Voltage,$15.99,87.73%,May 2024,"4,311",2,218,Strategy-RPG
The Last Spell: Prologue,—,87.67%,Oct 2020,"1,873",0,127,Strategy-RPG
Dark Deity 2,$17.49,87.55%,Mar 2025,"15,047",72,"1,594",Strategy-RPG
Ninja Village,$3.23,87.55%,May 2022,"2,181",13,254,Strategy-RPG
Break Wolf,$11.99,87.53%,Mar 2025,511,2,17,Strategy-RPG
Jupiter Hell Classic,$14.99,87.52%,Aug 2025,"1,914",4,83,Strategy-RPG
挂机手游模拟器,$2.99,87.52%,Jul 2025,982,565,"1,664",Strategy-RPG
Escape from Ever After DemoDemo,Free,87.49%,Oct 2025,—,5,30,Strategy-RPG
Hentai Mosaique Fix-IT Shoppe,$2.99,87.48%,Jul 2019,"1,975",3,334,Strategy-RPG
Cell Command,$16.78,87.46%,Jun 2025,484,3,40,Strategy-RPG
FINAL FANTASY TACTICS - The Ivalice Chronicles,$49.99,87.42%,Sep 2025,"40,903","1,003","21,010",Strategy-RPG
Esoteric Ebb DemoDemo,Free,87.42%,Dec 2023,—,11,94,Strategy-RPG
King's Bounty: The Legend,$6.99,87.35%,Sep 2008,"7,160",137,862,Strategy-RPG
Heroes of the Three Kingdoms,$0.99,87.33%,Nov 2020,"1,541",51,"1,582",Strategy-RPG
Astro Prospector PrologueDemo,Free,87.32%,Apr 2025,—,1,111,Strategy-RPG
"Warhammer 40,000: Rogue Trader - The Shovel DLCDLC",Free,87.28%,Apr 2025,—,—,—,Strategy-RPG
Jagged Alliance 3,$44.99,87.23%,Jul 2023,"63,500",599,"25,366",Strategy-RPG
Maliki : Poison Of The Past,$29.99,87.21%,Apr 2025,"2,788",2,90,Strategy-RPG
Skald: Against the Black Priory - the Prologue,—,87.21%,Jun 2021,"1,326",0,22,Strategy-RPG
Little Rocket Lab,$19.99,87.20%,Oct 2025,"7,423",105,"1,324",Strategy-RPG
The Nameless: Slay Dragon,$14.39,87.17%,Sep 2024,"9,876",14,"1,433",Strategy-RPG
Rogue Fable III,$9.99,87.12%,Dec 2021,"2,773",12,173,Strategy-RPG
Six-Ear Macaque: Awakening,$6.99,87.10%,Mar 2025,85,0,164,Strategy-RPG
Disgaea 2 PC,$19.99,86.94%,Jan 2017,"18,701",40,918,Strategy-RPG
SUPER ROBOT WARS V,—,86.93%,Oct 2019,"6,695",15,"1,322",Strategy-RPG
Kingdom Under Fire: The Crusaders,$19.99,86.87%,Feb 2020,"6,677",7,363,Strategy-RPG
SanctuaryRPG: Black Edition,$7.99,86.83%,Feb 2015,"7,323",0,455,Strategy-RPG
The Banner Saga,$24.99,86.80%,Jan 2014,"35,431",36,"4,476",Strategy-RPG
Dungeon Deathball,$11.99,86.79%,Oct 2021,"1,238",1,43,Strategy-RPG
Ostalgie: The Berlin Wall,$5.99,86.78%,Mar 2018,"2,708",3,"2,548",Strategy-RPG
China: Mao's legacy,$6.99,86.74%,May 2019,"5,030",3,"2,225",Strategy-RPG
Dobbel Dungeon DemoDemo,Free,86.74%,Sep 2024,—,1,41,Strategy-RPG
Legend of Heroes: Three Kingdoms,$15.99,86.69%,Mar 2025,"30,968",472,"19,153",Strategy-RPG
High School Odyssey,$8.99,86.67%,Nov 2023,"1,591",0,88,Strategy-RPG
Legend Creatures(传奇生物),$4.99,86.60%,Mar 2020,"7,433",5,"2,105",Strategy-RPG
Mega Mall Story,$8.99,86.59%,Jul 2022,859,0,363,Strategy-RPG
TROUBLESHOOTER: Abandoned Children - Digital Art BookDLC,$9.99,86.55%,Jun 2020,—,—,—,Strategy-RPG
Three Kingdoms: The Blood Moon,$8.99,86.54%,Apr 2025,"2,035",11,630,Strategy-RPG
HeistGeist,$10.94,86.54%,Nov 2024,"1,266",2,23,Strategy-RPG
For The King,$19.99,86.50%,Apr 2018,"137,747",678,"9,993",Strategy-RPG
Town of Salem,$4.99,86.46%,Dec 2014,"36,849",113,"3,787",Strategy-RPG
Johnny Rocketfingers Complete Game Collection!,Free,86.44%,Jun 2023,183,0,6,Strategy-RPG
The Three Kingdoms: The Tales of Jian An,$17.99,86.43%,Jul 2025,"2,257",15,323,Strategy-RPG
Ultimate General: Civil War,$29.99,86.32%,Jul 2017,"63,364",484,"1,678",Strategy-RPG
西游记2021,$6.49,86.28%,Oct 2021,506,0,23,Strategy-RPG
Dead Grid,$12.99,86.20%,Mar 2022,"2,051",4,194,Strategy-RPG
Caves of Lore,$9.99,86.17%,Jan 2023,"3,320",2,103,Strategy-RPG
Dragon Spirits : Prologue,Free,86.15%,Aug 2020,687,0,17,Strategy-RPG
Heroes of Science and Fiction,$24.99,86.08%,Sep 2024,"11,672",28,223,Strategy-RPG
Aces & Adventures,$19.99,86.05%,Feb 2023,"8,705",4,"2,455",Strategy-RPG
Soulestination,$2.99,85.99%,Jan 2021,954,0,280,Strategy-RPG
Lost:Antinomy,$2.99,85.95%,Mar 2024,"2,628",0,816,Strategy-RPG
Metroplex Zero: Sci-Fi Card Battler,$19.99,85.89%,Aug 2023,"4,723",0,16,Strategy-RPG
Yggdra Union,$24.99,85.89%,Jul 2023,"4,316",3,118,Strategy-RPG
Dream Tactics,$9.89,85.86%,Apr 2024,"5,473",8,196,Strategy-RPG
"Warhammer 40,000: Rogue Trader - Void ShadowsDLC",$17.99,85.83%,Sep 2024,—,—,—,Strategy-RPG
Low Magic Age,$5.99,85.82%,Jan 2017,"20,901",54,675,Strategy-RPG
HighFleet,$29.99,85.78%,Jul 2021,"36,936",99,"1,709",Strategy-RPG
The Sushi Spinnery,$8.99,85.77%,May 2022,"1,842",7,227,Strategy-RPG
Swords & Souls Legacy Collection,$9.99,85.68%,Jul 2025,"1,665",24,248,Strategy-RPG
Exorcism Agency,$11.69,85.66%,Aug 2025,"1,326",3,291,Strategy-RPG
Buy a Croquette! - Original Art Collection & Bonus PackDLC,$1.99,85.64%,Apr 2024,—,—,—,Strategy-RPG
Dwerve: Prologue,Free,85.57%,Sep 2021,"3,667",0,165,Strategy-RPG
Suzerain: Support the Developers & Vulpitzer AwardDLC,$4.99,85.57%,Jul 2023,—,—,—,Strategy-RPG
Wanna Survive,$11.99,85.53%,Aug 2019,"1,555",0,51,Strategy-RPG
Avernum 4: Greed and Glory,$19.99,85.52%,Oct 2025,"2,234",89,288,Strategy-RPG
Siralim 2,$14.99,85.51%,Aug 2016,"3,738",0,307,Strategy-RPG
Hadean Tactics,$19.99,85.35%,Aug 2023,"10,851",18,"2,045",Strategy-RPG
Bad Bitch Blasters,$2.99,85.35%,Oct 2025,126,2,10,Strategy-RPG
Breakout 13,$9.99,85.34%,Jan 2023,"21,582",3,"11,996",Strategy-RPG
Yohane the Parhelion - NUMAZU in the MIRAGE -,$29.68,85.33%,Feb 2024,"4,745",3,486,Strategy-RPG
Solasta: Crown of the Magister,$29.99,85.28%,May 2021,"89,844",526,"8,291",Strategy-RPG
Fell Seal: Arbiter's Mark,$29.99,85.24%,Apr 2019,"36,931",45,"1,791",Strategy-RPG
Winnie's Hole DemoDemo,Free,85.23%,Sep 2024,—,0,100,Strategy-RPG
The Captain,$9.99,85.20%,Dec 2021,"4,404",4,126,Strategy-RPG
SUPER ROBOT WARS X,—,85.19%,Jan 2020,"11,978",17,852,Strategy-RPG
Dungeons 4,$32.99,85.03%,Nov 2023,"29,004",182,"4,498",Strategy-RPG
The Monster Breeder,$29.99,84.98%,May 2025,"5,246",3,173,Strategy-RPG
Fadedlands: The Reckless Squad,$5.99,84.95%,Aug 2025,316,0,26,Strategy-RPG
《废土快递》死者国度扩展包DLC,—,84.87%,Oct 2023,—,—,—,Strategy-RPG
Dicefolk,$14.99,84.83%,Feb 2024,"6,103",3,"1,260",Strategy-RPG
Limbus Company,Free,84.79%,Feb 2023,"51,168","14,670","124,574",Strategy-RPG
King of Light,Free,84.78%,Jan 2023,144,0,8,Strategy-RPG
Section Six Requiem DemoDemo,Free,84.78%,Jun 2025,—,1,14,Strategy-RPG
Winter Falling: Battle Tactics,$9.99,84.77%,Nov 2022,"4,538",2,68,Strategy-RPG
消失的航班，还有她她她！Lost in the secret!,$19.99,84.75%,May 2025,"2,333",0,"1,489",Strategy-RPG
Airborne Empire,$29.99,84.74%,Jan 2025,"22,331",17,652,Strategy-RPG
GearBlocks,$14.99,84.71%,Nov 2023,"5,219",55,247,Strategy-RPG
がんばれ！受付嬢2 ～Stardust Liberate～,$3.99,84.60%,Dec 2024,206,0,50,Strategy-RPG
Rogue Fable IV,$11.99,84.57%,Jan 2024,"1,214",27,85,Strategy-RPG
Shin Megami Tensei III Nocturne HD Remaster,$14.99,84.55%,May 2021,"25,637",107,"1,906",Strategy-RPG
Craft Hero - Prologue,Free,84.53%,Mar 2022,538,0,77,Strategy-RPG
Those Who Rule,$11.69,84.51%,Jan 2025,"7,326",30,205,Strategy-RPG
Magic Tower & Maidens,—,84.50%,Feb 2023,675,0,61,Strategy-RPG
Urtuk: The Desolation,$13.99,84.49%,Feb 2021,"25,057",21,949,Strategy-RPG
Project: AHNO's Ark,$12.99,84.46%,Sep 2024,"1,657",1,60,Strategy-RPG
DEFCON,$11.99,84.38%,Sep 2006,"5,643",13,"3,474",Strategy-RPG
Kingsvein,$19.99,84.36%,Jan 2024,"3,497",1,255,Strategy-RPG
川建国同志想要连任/Comrade Trump's Re-election,$1.49,84.34%,Sep 2020,"2,690",0,274,Strategy-RPG
Trash of the Titans,$8.99,84.32%,May 2024,"2,381",0,60,Strategy-RPG
Disgaea PC,$19.99,84.28%,Feb 2016,"40,699",63,"2,937",Strategy-RPG
Disgaea 5 Complete,$39.99,84.28%,Oct 2018,"23,609",75,"2,191",Strategy-RPG
Gary Grigsby's War in the East,$79.99,84.27%,Dec 2010,"8,036",20,150,Strategy-RPG
Just A Humble Swordsmith,Free,84.25%,Jul 2022,367,0,44,Strategy-RPG
Road to Empress I,$7.11,84.22%,Sep 2025,"14,850",159,"17,170",Strategy-RPG
My proud girlfriend--Lina Chapter,$4.79,84.22%,Nov 2024,610,0,38,Strategy-RPG
Paraside: Duality Unbound DemoDemo,Free,84.16%,Oct 2025,—,0,26,Strategy-RPG
Mind Over Magic,$24.36,84.11%,Feb 2025,"49,761",212,"4,113",Strategy-RPG
Valkyria Chronicles 4 Complete Edition,$9.99,84.08%,Sep 2018,"55,318",62,"2,546",Strategy-RPG
The Fabulous Fear Machine,$17.99,83.96%,Oct 2023,"4,368",0,288,Strategy-RPG
Sinister Night 2,$9.99,83.95%,Aug 2025,"7,166",102,"2,541",Strategy-RPG
Inkbound,$29.99,83.90%,Apr 2024,"25,092",46,"3,229",Strategy-RPG
Bonnie Bear Saves Frogtime DemoDemo,Free,83.85%,Jan 2025,—,0,26,Strategy-RPG
SpellForce: Conquest of Eo - Demon ScourgeDLC,$12.99,83.85%,Feb 2024,—,—,—,Strategy-RPG
Moves Of The Diamond Hand DemoDemo,Free,83.84%,Feb 2025,—,0,20,Strategy-RPG
Dungeon Scavenger,$7.99,83.82%,Aug 2019,495,0,19,Strategy-RPG
Songs of Conquest,$29.99,83.81%,May 2024,"94,060",308,"4,192",Strategy-RPG
Kingdoms Conquer / 攻城天下,Free,83.78%,Nov 2021,437,0,211,Strategy-RPG
Persona 3 Reload DemoDemo,Free,83.76%,Apr 2025,—,79,532,Strategy-RPG
RUNGORE,$14.99,83.74%,May 2024,"6,529",8,208,Strategy-RPG
Eutolant Saga,$13.99,83.74%,Sep 2025,236,10,163,Strategy-RPG
Super Robot Wars 30,$59.99,83.67%,Oct 2021,"39,247",54,"17,005",Strategy-RPG
SpellForce 3 Fallen God,$19.99,83.67%,Nov 2020,"17,865",2,"1,696",Strategy-RPG
BM General Hospital,$7.99,83.67%,Mar 2025,"1,537",6,391,Strategy-RPG
RECORD_DrowsyVortex,$9.99,83.53%,Sep 2024,58,0,4,Strategy-RPG
The Fable: Manga Build Roguelike DemoDemo,Free,83.53%,Oct 2025,—,3,54,Strategy-RPG
Back to the Dawn - Game Modifier ToolkitDLC,Free,83.53%,Jul 2025,—,—,—,Strategy-RPG
Crawl Tactics,$19.99,83.52%,Dec 2022,"2,296",2,63,Strategy-RPG
LABYRINTH OF TOUHOU - GENSOKYO AND THE HEAVEN-PIERCING TREE,$29.99,83.50%,Aug 2021,"3,169",7,413,Strategy-RPG
极速营救,$9.99,83.49%,Aug 2025,"4,264",3,"1,807",Strategy-RPG
Retale,$4.99,83.41%,Jul 2024,303,1,21,Strategy-RPG
Alpha League HD,Free,83.35%,Feb 2025,337,11,"10,252",Strategy-RPG
This Grand Life 2,$17.99,83.34%,Aug 2025,"3,074",9,380,Strategy-RPG
Age of Fear 3: The Legend,$10.49,83.34%,Sep 2017,"2,721",0,21,Strategy-RPG
SpellForce: Conquest of Eo - Children of NorDLC,$12.99,83.30%,May 2025,—,—,—,Strategy-RPG
Boat Crew,$24.99,83.29%,Aug 2022,"5,040",9,152,Strategy-RPG
Nocked! True Tales of Robin Hood,$19.99,83.28%,Jul 2019,656,0,15,Strategy-RPG
Time Break Chronicles,$9.74,83.22%,Sep 2020,"2,212",10,72,Strategy-RPG
How a Retired Strategist Saved the Country,$13.99,83.21%,May 2023,"4,031",3,251,Strategy-RPG
場外人生,$2.98,83.21%,Aug 2019,"1,105",0,36,Strategy-RPG
Magellania,$9.99,83.14%,Mar 2021,372,0,5,Strategy-RPG
White Bridge,$19.99,83.14%,Aug 2024,125,0,6,Strategy-RPG
할 짓 없는 군주님,Free,83.14%,Feb 2024,59,0,7,Strategy-RPG
Age of Fear: The Undead King GOLD,$10.49,83.10%,Jun 2019,"3,892",0,18,Strategy-RPG
Ignited Steel: Prologue,Free,83.10%,Oct 2022,"1,018",0,466,Strategy-RPG
Years of Division DemoDemo,Free,83.07%,Oct 2023,—,0,18,Strategy-RPG
Out of the Park Baseball 25,—,83.02%,Mar 2024,"2,313",240,"1,787",Strategy-RPG
Alvora Tactics,$9.99,83.01%,Jun 2017,758,0,16,Strategy-RPG
Fuga: Melodies of Steel 3,$39.99,82.95%,May 2025,"2,660",2,193,Strategy-RPG
Duck Life 4,$3.99,82.91%,Mar 2013,300,3,24,Strategy-RPG
Reverse Crawl,$5.99,82.89%,Sep 2015,"2,375",0,164,Strategy-RPG
希望之光1：灵菌涅槃,$2.99,82.85%,May 2023,171,0,10,Strategy-RPG
Underboard DemoDemo,Free,82.85%,Jan 2025,—,0,44,Strategy-RPG
Looper Tactics,$10.99,82.84%,Aug 2023,"3,010",0,635,Strategy-RPG
Obscure Chronicle of Dynasty,$2.99,82.84%,Jul 2023,251,0,10,Strategy-RPG
Gobs and Gods,$11.99,82.83%,Jul 2024,602,1,13,Strategy-RPG
Back to the Dawn - Supporter PackDLC,$5.99,82.83%,Jul 2025,—,—,—,Strategy-RPG
Escape The Mad Empire,$17.99,82.80%,Apr 2025,"9,159",6,305,Strategy-RPG
Underquest,$9.99,82.80%,Apr 2025,246,0,16,Strategy-RPG
Masquerada: Songs and Shadows,$19.99,82.79%,Sep 2016,"5,202",0,65,Strategy-RPG
Siegeturtle,$4.99,82.79%,Nov 2025,269,603,668,Strategy-RPG
大千世界,$3.99,82.76%,Jul 2020,"2,825",16,"1,437",Strategy-RPG
A Gay Love Story About Gay Love,$0.99,82.75%,Sep 2020,429,2,17,Strategy-RPG
Disgaea 4 Complete+,$39.99,82.74%,Sep 2020,"7,262",21,604,Strategy-RPG
Descent: Legends of the Dark,Free,82.74%,Aug 2021,"1,157",27,165,Strategy-RPG
Revelatio,$10.99,82.71%,Oct 2024,722,0,35,Strategy-RPG
Kevin's Path to Wizdom,$14.99,82.70%,Dec 2022,494,0,5,Strategy-RPG
Wantless : Solace at World’s End,$17.99,82.69%,May 2024,"4,318",5,126,Strategy-RPG
Fantasya Final Definitiva REMAKE,—,82.69%,Jan 2018,346,1,401,Strategy-RPG
Maliki : Poison Of The Past DemoDemo,Free,82.64%,Feb 2025,—,0,46,Strategy-RPG
Bonelords,$6.99,82.63%,Sep 2025,539,1,25,Strategy-RPG
Vestaria Saga II: The Sacred Sword of Silvanister,$19.99,82.62%,Jul 2022,"5,023",1,157,Strategy-RPG
Deep Rune,Free,82.55%,Oct 2021,183,0,11,Strategy-RPG
尸来运转-Lucky Zombie Survival,$3.99,82.53%,Sep 2025,490,1,56,Strategy-RPG
Siege Survival: Gloria Victis Prologue,Free,82.52%,Aug 2020,"9,715",0,348,Strategy-RPG
Realms of Antiquity: The Shattered Crown,$20.00,82.44%,Dec 2020,513,2,11,Strategy-RPG
Arcanima: Mist of Oblivion -  Prologue,$6.99,82.41%,Feb 2024,309,0,7,Strategy-RPG
Guile & Glory: Firstborn,$9.99,82.39%,Oct 2021,545,0,5,Strategy-RPG
Linked Worlds,$14.99,82.39%,Mar 2023,407,0,10,Strategy-RPG
Lords of Ravage: Dread Knights,—,82.37%,Jan 2025,"1,526",0,49,Strategy-RPG
Little Rocket Lab DemoDemo,Free,82.36%,Jun 2025,—,8,219,Strategy-RPG
Dice Gambit,$24.99,82.34%,Aug 2025,"8,117",7,"1,101",Strategy-RPG
Battle Bands: Rock & Roll Deckbuilder,$19.99,82.29%,Nov 2023,"1,734",1,108,Strategy-RPG
Shiner,Free,82.29%,Mar 2023,215,0,28,Strategy-RPG
Karryn's Prison - P CupDLC,$4.99,82.29%,Sep 2024,—,—,—,Strategy-RPG
Teenage Mutant Ninja Turtles: Tactical Takedown,$19.99,82.25%,May 2025,"2,333",1,61,Strategy-RPG
Swords and Sandals 3 Redux,$9.99,82.25%,Nov 2025,868,41,213,Strategy-RPG
The Last Flame,$19.99,82.24%,Jan 2025,"11,530",31,"3,083",Strategy-RPG
GeneWars,$3.99,82.22%,Oct 2023,290,0,9,Strategy-RPG
Dicey Bugs,$9.99,82.22%,Sep 2025,113,0,7,Strategy-RPG
Familia,Free,82.19%,May 2020,168,1,3,Strategy-RPG
Populous™: The Beginning,$2.49,82.18%,Mar 2024,"1,628",15,179,Strategy-RPG
The Scouring DemoDemo,Free,82.13%,Jan 2025,—,33,"1,149",Strategy-RPG
呆呆大冒险,Free,82.12%,Feb 2023,108,0,20,Strategy-RPG
Out of the Park Baseball 22,—,82.11%,Mar 2021,"2,801",35,"2,008",Strategy-RPG
BOOK OF HOURS,$24.99,82.10%,Aug 2023,"27,298",247,"2,892",Strategy-RPG
Prison Notes,$9.99,82.05%,Jan 2025,205,0,15,Strategy-RPG
Angel Made,$9.99,82.04%,May 2021,133,0,5,Strategy-RPG
Rogue Tactics,$4.99,82.04%,Aug 2025,125,0,11,Strategy-RPG
Stirring Abyss,$24.99,82.00%,Oct 2020,"5,064",0,98,Strategy-RPG
Age of Fear: The Undead King,$4.99,81.98%,Nov 2016,"3,764",0,40,Strategy-RPG
Grim Pastures,$3.99,81.97%,Aug 2025,284,0,20,Strategy-RPG
Scrapping Simulator,$12.99,81.95%,Dec 2020,272,1,14,Strategy-RPG
The Magister,$2.99,81.88%,Sep 2021,"1,711",0,26,Strategy-RPG
Jupiter Hell Classic DEMODemo,Free,81.86%,Sep 2024,—,0,15,Strategy-RPG
Age of Wonders 4: Expansion Pass 2DLC,—,81.85%,Oct 2024,—,—,—,Strategy-RPG
Spear Song,$14.99,81.84%,Oct 2024,"2,189",13,69,Strategy-RPG
Decisive Campaigns: Ardennes Offensive,$39.99,81.83%,Feb 2022,"1,598",6,33,Strategy-RPG
The Great Villainess: Strategy of Lily,$23.99,81.79%,Jul 2025,"10,433",46,"1,465",Strategy-RPG
Little Hearts,$12.99,81.78%,Dec 2022,358,0,48,Strategy-RPG
Brigandine The Legend of Runersia,$19.99,81.73%,May 2022,"12,243",32,"1,547",Strategy-RPG
MudBlood Prologue,Free,81.71%,Jul 2025,"2,051",75,105,Strategy-RPG
灵墟,$5.49,81.69%,Apr 2023,"5,236",6,430,Strategy-RPG
Vagrus - The Riven Realms,$29.99,81.66%,Oct 2021,"24,332",61,694,Strategy-RPG
Vagrus - The Riven Realms Sunfire and MoonshadowDLC,$19.99,81.66%,Nov 2023,—,—,—,Strategy-RPG
Inkulinati,$24.99,81.59%,Feb 2024,"20,832",11,240,Strategy-RPG
Chaos Entropy,$11.00,81.55%,Oct 2024,425,1,43,Strategy-RPG
非常魔王(Beelzebub),$4.99,81.50%,Sep 2020,332,0,10,Strategy-RPG
Rise Of The White Sun - 白日升,$12.49,81.49%,Sep 2023,"17,130",5,263,Strategy-RPG
The Clockworker,$1.99,81.48%,Dec 2021,65,0,4,Strategy-RPG
Dawn Awaits,$1.99,81.48%,Mar 2025,21,0,20,Strategy-RPG
Mercenaries Saga 2 -Order of the Silver Eagle-,$11.99,81.46%,Oct 2023,431,0,6,Strategy-RPG
King Arthur: Knight's Tale,$44.99,81.41%,Apr 2022,"59,226",181,"5,376",Strategy-RPG
Fae Tactics,$5.99,81.40%,Jul 2020,"12,551",12,576,Strategy-RPG
EVOTINCTION,$29.99,81.39%,Sep 2024,"3,951",0,63,Strategy-RPG
Jey's Empire,$1.49,81.34%,Oct 2019,649,1,11,Strategy-RPG
T.K. Punk DemoDemo,Free,81.34%,Oct 2025,—,0,25,Strategy-RPG
倩女幽魂2023,$7.99,81.33%,Jun 2023,107,0,8,Strategy-RPG
Together in Battle,$19.99,81.30%,May 2025,"1,327",0,26,Strategy-RPG
VoidBound,$19.99,81.29%,May 2024,"3,572",3,78,Strategy-RPG
Mortal Glory,$1.59,81.29%,Jan 2020,"2,769",3,331,Strategy-RPG
HEROish,$9.99,81.29%,Dec 2022,328,0,8,Strategy-RPG
万象群侠传,$8.99,81.27%,Feb 2025,"1,898",5,86,Strategy-RPG
Into the Evernight,Free,81.25%,Sep 2025,172,1,9,Strategy-RPG
FFFL: Brutalball Manager,Free,81.22%,Jun 2023,208,2,17,Strategy-RPG
The Succession of Changing Kings,$9.99,81.20%,Feb 2025,"1,943",2,42,Strategy-RPG
STRANGER SAGA -Stranger Bach and Iskiyeld's Ambition-,$9.89,81.17%,Jul 2025,683,5,99,Strategy-RPG
光之守护者:贤者之石,Free,81.17%,Oct 2024,33,0,730,Strategy-RPG
Chaos Front DemoDemo,Free,81.17%,Feb 2025,—,0,21,Strategy-RPG
Prime of Flames,$9.99,81.16%,Dec 2022,"7,084",2,550,Strategy-RPG
SAELIG,$14.99,81.12%,Jul 2017,"17,773",14,247,Strategy-RPG
Legacy's Allure,Free,81.11%,Oct 2025,190,0,14,Strategy-RPG
Fraudster,$1.99,81.11%,Sep 2024,57,0,10,Strategy-RPG
Decisive Campaigns: Barbarossa,$49.99,81.08%,Nov 2015,"2,574",7,129,Strategy-RPG
Slot & Dungeons DemoDemo,Free,81.04%,Nov 2024,—,3,46,Strategy-RPG
The Red Beret 红色贝雷帽,$0.99,81.03%,Dec 2023,149,0,9,Strategy-RPG
Increlution,$3.99,81.02%,Oct 2021,"2,040",513,"2,132",Strategy-RPG
The Rings of Powder,$12.99,81.00%,Oct 2023,403,0,5,Strategy-RPG
仙绣剑缘录,—,80.96%,Oct 2021,"1,503",3,116,Strategy-RPG
Herogue,$14.99,80.92%,Mar 2025,194,0,7,Strategy-RPG
谁说奶妈不能拯救世界！,$0.99,80.84%,Sep 2020,180,0,13,Strategy-RPG
狂潮-Staggering Through The Dark,$1.99,80.83%,Nov 2020,207,0,4,Strategy-RPG
灵师,Free,80.83%,Aug 2024,146,0,15,Strategy-RPG
The Abyss Within,$4.99,80.79%,Mar 2024,163,0,7,Strategy-RPG
Tactical Breach Wizards: Special Edition UpgradeDLC,$9.99,80.79%,Aug 2024,—,—,—,Strategy-RPG
Guild Saga: Vanished Worlds,$19.99,80.76%,Oct 2024,"11,079",2,170,Strategy-RPG
SD GUNDAM G GENERATION CROSS RAYS,$29.99,80.64%,Nov 2019,"47,267",79,"10,415",Strategy-RPG
Phantom Brave PC,$19.99,80.64%,Jul 2016,"12,598",8,219,Strategy-RPG
Vestaria Saga I: War of the Scions,$19.99,80.64%,Dec 2019,"9,584",3,204,Strategy-RPG
Trapper: Drug Dealing RPG,$19.99,80.63%,Apr 2022,293,19,30,Strategy-RPG
Sector Unknown,$24.99,80.59%,Jul 2025,"8,906",3,103,Strategy-RPG
NO STRANGERS,$4.99,80.57%,Nov 2024,"2,303",6,"6,124",Strategy-RPG
《鬼畜战记：金坷垃传说》,Free,80.56%,Jul 2019,420,0,38,Strategy-RPG
Monster Stalker: Prologue,—,80.53%,Dec 2022,786,0,27,Strategy-RPG
Lightracer Spark - Stars WillDLC,Free,80.51%,Nov 2023,—,—,—,Strategy-RPG
Swords and Sandals Immortals,$13.99,80.48%,Mar 2023,"5,234",17,464,Strategy-RPG
Battle for Esturia,$9.99,80.48%,Mar 2020,365,0,5,Strategy-RPG
Stardander Revenant,Free,80.47%,Oct 2021,296,0,7,Strategy-RPG
The Matchless Kungfu,$19.99,80.46%,Nov 2024,"51,466",65,"9,131",Strategy-RPG
Heroes of the Three Kingdoms 3,$1.99,80.44%,Nov 2020,"1,018",24,362,Strategy-RPG
La Pucelle: Ragnarok,$19.99,80.43%,Aug 2022,"2,802",8,71,Strategy-RPG
Braveland Pirate,$19.99,80.37%,Sep 2015,"2,094",1,57,Strategy-RPG
Stones Keeper II: Chaos Lord DemoDemo,Free,80.29%,Jun 2025,—,0,818,Strategy-RPG
AbsentedAge 2: Ghostbound,$12.99,80.28%,Apr 2023,237,1,18,Strategy-RPG
Mind of War,$10.99,80.28%,Sep 2024,81,0,4,Strategy-RPG
The Last Flame: Prologue,Free,80.23%,Jan 2024,"1,684",3,539,Strategy-RPG
Paper Bride 5 Two Lifetimes,$9.99,80.22%,Dec 2023,"1,819",2,683,Strategy-RPG
Wargroove,$19.99,80.21%,Feb 2019,"36,538",29,"5,065",Strategy-RPG
Delven,$9.99,80.19%,May 2025,761,1,49,Strategy-RPG
Tears of Adria,$13.99,80.19%,Nov 2023,682,0,21,Strategy-RPG
1989 QianShanMen,$2.99,80.19%,Aug 2023,197,0,5,Strategy-RPG
Lightracer Spark,$12.99,80.12%,Apr 2023,"7,326",2,820,Strategy-RPG
Fates of Ort,$14.99,80.08%,Mar 2020,"2,049",2,26,Strategy-RPG
ShemHaMephorash,$8.99,80.07%,Mar 2023,318,0,8,Strategy-RPG
8,$12.88,80.07%,Oct 2023,92,0,5,Strategy-RPG
QIMEN Tower Defense,$9.99,80.07%,Jun 2025,33,0,3,Strategy-RPG
Fangs & Forges DemoDemo,Free,80.07%,Mar 2025,—,0,11,Strategy-RPG
Star Renegades,$24.99,80.06%,Sep 2020,"28,522",13,"1,785",Strategy-RPG
Tarnished Blood 🩸 [Tactic RPG],$19.99,80.05%,Oct 2024,"2,772",0,50,Strategy-RPG
Midnight Protocol,$14.99,80.04%,Oct 2021,"3,695",2,83,Strategy-RPG
Crisis in the Kremlin,$4.99,80.03%,Mar 2017,"6,291",6,"3,095",Strategy-RPG
Dawn of Kagura: Maika's Story - The Dragon's Wrath,$3.99,80.00%,Sep 2022,409,0,5,Strategy-RPG
Made in Tower,$1.99,80.00%,Aug 2024,184,0,6,Strategy-RPG
风墓战记,$0.99,80.00%,May 2022,165,0,4,Strategy-RPG
Defense Of Fort Burton,$9.99,80.00%,Apr 2025,25,0,3,Strategy-RPG
Ashes of Morgravia DemoDemo,Free,80.00%,May 2025,—,0,9,Strategy-RPG
Punch Club 2: Fast Forward,$19.99,79.95%,Jul 2023,"17,079",40,"5,509",Strategy-RPG
Star Shift Origins,Free,79.95%,Nov 2021,"3,299",0,403,Strategy-RPG
Marvel's Midnight Suns,$15.99,79.94%,Dec 2022,"60,611",564,"15,500",Strategy-RPG
Halcyon 6: Starbase Commander,$14.99,79.92%,Sep 2016,"23,910",0,"2,988",Strategy-RPG
Bloodgrounds DemoDemo,Free,79.92%,Jun 2025,—,3,116,Strategy-RPG
Partisans 1941,$4.49,79.90%,Oct 2020,"50,109",50,"3,061",Strategy-RPG
逆乱封神之武王伐纣,$4.99,79.89%,Jan 2024,93,0,26,Strategy-RPG
Duck Life: Retro Pack,$3.99,79.88%,May 2015,226,4,11,Strategy-RPG
帝国：权杖与文明,Free,79.85%,Sep 2025,114,5,129,Strategy-RPG
Three Fairies' Hoppin' Flappin' Great Journey!,$17.99,79.84%,Aug 2021,907,1,86,Strategy-RPG
Age of Wonders 4,$49.99,79.83%,May 2023,"100,573","5,392","42,877",Strategy-RPG
Tetra Dungeon,$4.99,79.83%,Dec 2024,143,0,12,Strategy-RPG
薛定谔迷宫,$3.99,79.83%,Aug 2025,94,0,14,Strategy-RPG
Moekuri: Adorable + Tactical SRPG,$11.99,79.80%,Dec 2016,"7,486",0,64,Strategy-RPG
Dragon's Chronicles~暗黒大魔王と北斗の剣(つるぎ)~,$12.99,79.76%,Aug 2025,303,4,95,Strategy-RPG
Lazriel: The Demon's Fall,$14.99,79.73%,Jul 2023,442,0,53,Strategy-RPG
Mycelium,$5.99,79.71%,Oct 2024,212,0,5,Strategy-RPG
我就是建-I just build,$4.99,79.71%,Apr 2025,137,0,8,Strategy-RPG
Juno 06,$9.99,79.71%,Nov 2022,105,0,3,Strategy-RPG
Dream Catcher,$2.99,79.71%,Jul 2023,104,0,6,Strategy-RPG
我愛師大附中HSNU,Free,79.68%,Feb 2024,117,0,10,Strategy-RPG
鸭鸭大冒险 (Duck Duck Adventure),$8.99,79.68%,Feb 2025,69,0,16,Strategy-RPG
Journey to the Void DemoDemo,Free,79.68%,Apr 2025,—,0,19,Strategy-RPG
Hearts of Iron IV: Bonus Songs PackDLC,$4.99,79.65%,May 2025,—,—,—,Strategy-RPG
Karryn's Prison - Stray PubesDLC,$0.99,79.62%,Mar 2023,—,—,—,Strategy-RPG
Age of Wonders 4: Giant KingsDLC,$24.99,79.59%,Apr 2025,—,—,—,Strategy-RPG
Eden's Last Sunrise,$14.99,79.58%,Dec 2022,904,1,18,Strategy-RPG
GABANG: ULTIMATE,$9.99,79.58%,Apr 2025,95,0,48,Strategy-RPG
Stratagem Lost DemoDemo,Free,79.58%,Oct 2024,—,0,11,Strategy-RPG
Strategic Mind: Fight for Freedom,$29.73,79.57%,May 2021,"9,463",3,117,Strategy-RPG
糟糕，我要坠入爱河啦！,$7.99,79.54%,Aug 2024,495,0,60,Strategy-RPG
Eiyu*Senki Gold – A New Conquest,$34.99,79.52%,Jun 2021,"6,367",5,293,Strategy-RPG
AbsentedAge: Squarebound,$12.99,79.52%,Oct 2020,965,0,129,Strategy-RPG
AlexanderBall: A Countryball Tale,$12.99,79.48%,Feb 2024,838,0,23,Strategy-RPG
MY DESTINY GIRLS,$9.99,79.46%,Mar 2024,"4,037",0,210,Strategy-RPG
Lords of Ravage - Chapter 1,—,79.46%,Sep 2022,383,0,22,Strategy-RPG
Out of the Park Baseball 23,—,79.45%,Apr 2022,"1,938",41,"1,855",Strategy-RPG
Punch to Glory,$6.99,79.45%,Sep 2025,91,0,13,Strategy-RPG
灵界异闻录,Free,79.42%,Nov 2024,45,0,21,Strategy-RPG
Strategic Mind: Blitzkrieg,$39.99,79.39%,May 2020,"7,185",19,182,Strategy-RPG
Soul Scar,$9.99,79.39%,Aug 2025,101,0,7,Strategy-RPG
Multiverse Loot Hunter,$10.79,79.37%,Aug 2025,"5,202",663,"4,147",Strategy-RPG
Kanji Industry,$6.99,79.32%,Sep 2023,356,0,21,Strategy-RPG
The City of Time,$0.99,79.32%,May 2020,89,0,2,Strategy-RPG
Dungeon Rummage - Tiqee's Escape,$2.99,79.32%,Apr 2022,73,0,2,Strategy-RPG
A guard walks into a tavern,$7.99,79.31%,Nov 2023,"3,370",0,125,Strategy-RPG
沉默传奇,Free,79.28%,Jun 2025,59,18,225,Strategy-RPG
Overlooting,$9.99,79.25%,Sep 2025,"6,375",136,"2,760",Strategy-RPG
がんばれ！受付嬢！~Guild Receptionist~,Free,79.23%,Dec 2024,171,0,32,Strategy-RPG
SCARLET NEXUS,$14.39,79.18%,Jun 2021,"111,352",88,"14,516",Strategy-RPG
Affogato,$16.99,79.17%,Aug 2023,"9,973",1,835,Strategy-RPG
Dragon Creek,$14.99,79.17%,May 2021,"1,519",0,21,Strategy-RPG
Big Winner,$12.99,79.11%,Jun 2025,"1,811",2,"1,950",Strategy-RPG
Robin Hood - Sherwood Builders - Bandit's Trail,Free,79.10%,Aug 2023,"7,590",2,772,Strategy-RPG
"Dwarves: Glory, Death and Loot",$14.99,79.09%,Aug 2023,"9,238",102,"2,620",Strategy-RPG
NightMare King,$4.99,79.06%,Oct 2025,200,2,64,Strategy-RPG
Primal Fray,$9.59,79.05%,Nov 2025,532,6,17,Strategy-RPG
Stardander School for Witches,$19.99,79.05%,Oct 2023,390,0,6,Strategy-RPG
Fernageddon,$17.99,79.05%,Dec 2024,175,0,9,Strategy-RPG
Mortal Glory 2 - Reign of TyrantsDLC,$3.74,79.05%,Aug 2024,—,—,—,Strategy-RPG
Lab 7: Cold Nights,$5.99,79.04%,May 2020,244,0,20,Strategy-RPG
Pizza Apocalypse,Free,79.04%,Sep 2021,171,0,21,Strategy-RPG
Santa Elena,Free,79.04%,Jul 2025,81,0,4,Strategy-RPG
Solomon's Boneyard: Hideous Retro Edition,$7.99,79.04%,Oct 2025,78,1,13,Strategy-RPG
"Dungeons 4 - The Good, the Bad and the EvilDLC",$14.99,79.01%,Aug 2024,—,—,—,Strategy-RPG
時巡る宝石精霊,$15.99,78.99%,Sep 2025,202,1,37,Strategy-RPG
伏雨录：少年篇,$6.99,78.97%,May 2018,604,0,8,Strategy-RPG
Paladin's Oath,$11.99,78.95%,Mar 2022,"1,018",0,10,Strategy-RPG
神魔决之九黎剑EA,Free,78.95%,Jan 2024,105,0,27,Strategy-RPG
Dungeon 100,$11.99,78.89%,Aug 2023,"8,630",3,"2,197",Strategy-RPG
旅者 Travelers,$2.99,78.88%,Dec 2021,444,0,300,Strategy-RPG
Swordhaven: Iron Conspiracy,$24.99,78.86%,Dec 2024,"11,163",16,184,Strategy-RPG
Nightmare Frontier,$19.99,78.85%,Jun 2025,"4,034",1,104,Strategy-RPG
Memoirs of a Battle Brothel,$19.99,78.84%,Sep 2022,"9,048",1,146,Strategy-RPG
Gladiator Guild Manager,$14.99,78.83%,Jun 2024,"23,607",25,"3,335",Strategy-RPG
Survival Guide 2,$3.99,78.83%,Jun 2024,283,1,5,Strategy-RPG
The Treehouse Man,$9.99,78.79%,Feb 2019,843,0,26,Strategy-RPG
Braveland,$9.99,78.78%,Mar 2014,"4,400",1,"218,169",Strategy-RPG
GateTail,$4.99,78.75%,May 2023,56,0,4,Strategy-RPG
Outcast Tales: The First Journey,Free,78.74%,Jan 2024,"4,819",0,631,Strategy-RPG
Azmar Quest - Text Based RPG,$9.99,78.69%,Sep 2025,114,0,12,Strategy-RPG
Shining Hero,$2.99,78.69%,Jan 2025,60,0,7,Strategy-RPG
The Lands of Hyberian,$0.99,78.69%,Feb 2024,58,0,2,Strategy-RPG
Book of Fei DemoDemo,Free,78.69%,Jul 2025,—,0,34,Strategy-RPG
Space Prison,$7.99,78.68%,Jul 2024,"5,717",7,405,Strategy-RPG
Medieval Crafter: Blacksmith,$11.99,78.68%,Sep 2025,"5,398",22,409,Strategy-RPG
"Warhammer 40,000: Rogue Trader - Season Pass 2DLC",$29.99,78.65%,May 2025,—,—,—,Strategy-RPG
Frontline: Panzer Blitzkrieg!,$9.99,78.60%,Mar 2020,916,6,20,Strategy-RPG
WarOS,$19.99,78.60%,May 2025,902,0,5,Strategy-RPG
Seablip,$14.99,78.55%,May 2024,"23,246",11,862,Strategy-RPG
Burden of Command™,$24.99,78.53%,Apr 2025,"6,984",13,219,Strategy-RPG
PP Puncher,—,78.48%,Oct 2020,83,0,3,Strategy-RPG
Monsters' Den: Godfall,$14.99,78.44%,Jul 2017,"4,705",6,487,Strategy-RPG
Warlordocracy,$3.99,78.44%,Sep 2025,680,0,4,Strategy-RPG
史莱姆冒险战SlimeWarfare,$5.99,78.44%,Feb 2023,234,0,17,Strategy-RPG
The Pair Annihilation,$9.99,78.44%,Jan 2024,167,0,4,Strategy-RPG
Persona 3 Reload - Persona 5 Royal Phantom Thieves Costume SetDLC,$2.99,78.40%,Feb 2024,—,—,—,Strategy-RPG
Noob - The Factionless,$29.99,78.37%,Jun 2023,"6,760",9,"1,496",Strategy-RPG
Feline Survivor,$5.99,78.37%,Aug 2025,43,0,22,Strategy-RPG
Kairobotica,$8.99,78.34%,Jan 2023,363,0,21,Strategy-RPG
Thriving City: Song,$18.99,78.32%,May 2024,"26,072",54,"3,766",Strategy-RPG
Age of Fear: The Free World,Free,78.31%,Jan 2019,"2,682",2,146,Strategy-RPG
Protostar Twilight,Free,78.30%,Oct 2024,235,0,7,Strategy-RPG
Frogman Magmaborn,Free,78.30%,Aug 2023,47,0,2,Strategy-RPG
Re into Another World,$3.99,78.30%,Feb 2024,17,0,4,Strategy-RPG
Dicey Bugs DemoDemo,Free,78.30%,Apr 2025,—,0,6,Strategy-RPG
Songs of Conquest - Digital ArtbookDLC,$5.99,78.30%,May 2024,—,—,—,Strategy-RPG
Mystical Tactics DemoDemo,Free,78.30%,Apr 2024,—,0,12,Strategy-RPG
Vagrus – The Riven Realms Old AcquaintancesDLC,$9.99,78.30%,Jun 2024,—,—,—,Strategy-RPG
战棋三国英雄,$16.99,78.24%,Sep 2023,767,0,47,Strategy-RPG
Futanari Master!,$5.99,78.22%,Sep 2025,"1,294",0,28,Strategy-RPG
Hexrogue,$8.99,78.21%,Jan 2023,243,0,28,Strategy-RPG
F-Rank hero story,$10.99,78.20%,Jan 2022,186,0,4,Strategy-RPG
👑Idle Calibur：Zero💕（选王之剑：零）,$10.99,78.16%,Nov 2024,"2,987",3,"1,253",Strategy-RPG
He is Coming DemoDemo,Free,78.15%,May 2024,—,6,570,Strategy-RPG
Augmented Empire,$4.79,78.11%,Apr 2025,427,0,6,Strategy-RPG
Dramatic Road : the origin of wind,$10.99,78.11%,Aug 2023,193,0,7,Strategy-RPG
柒愿传说,—,78.11%,Apr 2023,160,0,8,Strategy-RPG
流離之歌,Free,78.11%,Nov 2022,79,0,4,Strategy-RPG
Waven,Free,78.09%,Aug 2023,"14,459",45,"16,084",Strategy-RPG
Telepath Tactics Liberated,$9.99,78.05%,Mar 2022,"1,487",0,32,Strategy-RPG
Revenge on gold diggers,$6.99,78.04%,Jun 2025,"35,995",91,"89,127",Strategy-RPG
Akumi Wars,$14.99,78.04%,Feb 2024,887,1,34,Strategy-RPG
魔導聖戰:風色幻想,$1.99,78.01%,Aug 2022,538,1,100,Strategy-RPG
仙旅异闻录,$3.99,77.99%,Nov 2025,217,7,103,Strategy-RPG
Craft Hero,$4.99,77.96%,Oct 2022,"2,211",5,349,Strategy-RPG
Gales of Nayeli,$24.99,77.94%,Jun 2025,"1,556",7,47,Strategy-RPG
Boxing Simulator,$7.99,77.94%,Dec 2023,247,2,31,Strategy-RPG
The Legion of Maelstrom,$5.99,77.92%,May 2021,182,0,6,Strategy-RPG
Police Response VR : Disturbance,$4.99,77.91%,Apr 2022,308,0,6,Strategy-RPG
Our Adventurer Guild - Tower of the Wizard KingDLC,$4.99,77.90%,Oct 2025,—,—,—,Strategy-RPG
SMITE®,Free,77.89%,Sep 2015,"244,814","1,666","31,169",Strategy-RPG
LUNA,$12.99,77.88%,Sep 2025,"6,065",7,523,Strategy-RPG
Warriors: Rise to Glory! Online Multiplayer Open Beta,—,77.87%,Jan 2021,689,0,727,Strategy-RPG
Shrouded Aspect,$19.99,77.87%,Aug 2025,604,0,8,Strategy-RPG
Soul Dier - Part 1,$19.99,77.87%,Oct 2025,255,0,8,Strategy-RPG
Vampire Cat,$4.89,77.87%,Nov 2025,177,1,6,Strategy-RPG
The Dungeon Tower,$4.99,77.87%,Sep 2023,118,0,3,Strategy-RPG
Supermarket Bash,$1.68,77.87%,Jan 2025,82,0,3,Strategy-RPG
Looping Bravery,$4.99,77.87%,Sep 2022,82,0,2,Strategy-RPG
Blêktre 2081,$8.99,77.87%,Feb 2025,80,0,6,Strategy-RPG
Break Shot Hero DemoDemo,Free,77.87%,May 2025,—,0,8,Strategy-RPG
Icekai DemoDemo,Free,77.87%,Nov 2024,—,0,5,Strategy-RPG
Fauneroes DemoDemo,Free,77.87%,Aug 2024,—,0,3,Strategy-RPG
Tarnished Blood: Demo 🩸 [Tactical RPG]Demo,Free,77.87%,Jan 2024,—,0,49,Strategy-RPG
Fuga: Melodies of Steel - Back to School Costume PackDLC,$4.99,77.87%,Jan 2022,—,—,—,Strategy-RPG
Shining Force IIDLC,—,77.87%,—,—,—,—,Strategy-RPG
Fantasy Grounds VTT,Free,77.86%,Nov 2020,"17,288",161,474,Strategy-RPG
No King No Kingdom,$14.99,77.85%,Feb 2020,"2,125",0,21,Strategy-RPG
Monster Souls: Chains of Chimera,$34.99,77.85%,Oct 2025,"1,790",14,108,Strategy-RPG
"Warhammer 40,000: Armageddon",—,77.83%,Nov 2014,"16,790",6,587,Strategy-RPG
Astral Throne,$19.99,77.79%,Feb 2025,"4,042",4,284,Strategy-RPG
畜神,$3.54,77.77%,Jan 2025,87,1,6,Strategy-RPG
列乌尼斯的挽歌 DemoDemo,Free,77.77%,Aug 2025,—,0,29,Strategy-RPG
Wizards and Warlords,$9.99,77.73%,Sep 2020,"2,713",4,83,Strategy-RPG
Unconventional Warfare,$9.99,77.72%,Apr 2022,"2,234",0,13,Strategy-RPG
KingSim,$9.99,77.68%,May 2020,"1,770",2,121,Strategy-RPG
SpellForce: Conquest of Eo,$29.99,77.63%,Feb 2023,"25,532",90,"3,669",Strategy-RPG
Blacken Slash,$9.99,77.62%,Jul 2022,235,0,10,Strategy-RPG
Wicked Times,$3.99,77.62%,Jan 2024,177,0,332,Strategy-RPG
Broken Alliance,$14.99,77.59%,Jan 2025,"2,438",0,17,Strategy-RPG
Chaos Galaxy 2,$19.99,77.56%,Jan 2023,"4,752",3,107,Strategy-RPG
Union of Gnomes,$14.99,77.55%,May 2025,"2,071",1,399,Strategy-RPG
神魔决之江湖行,$9.88,77.55%,Dec 2024,265,2,94,Strategy-RPG
Deck of Souls,$11.99,77.54%,Dec 2024,"1,494",3,55,Strategy-RPG
"Live Hard, Die Hard",$4.99,77.54%,Nov 2025,"1,092",24,307,Strategy-RPG
South Pole Bebop,Free,77.54%,Dec 2024,460,0,10,Strategy-RPG
Undead Horde 2: Necropolis,$16.99,77.52%,Mar 2023,"6,511",2,839,Strategy-RPG
Hero's Hour,$7.19,77.51%,Mar 2022,"51,386",70,"4,265",Strategy-RPG
Monster Tiles TD: Tower Wars,Free,77.50%,Feb 2024,763,11,334,Strategy-RPG
Active DBG: Brave's Rage,$17.99,77.44%,Feb 2023,"3,691",0,160,Strategy-RPG
TRIANGLE STRATEGY,$23.99,77.43%,Oct 2022,"32,584",100,"2,489",Strategy-RPG
Heroes of the Three Kingdoms 5,$3.99,77.43%,Nov 2020,876,21,176,Strategy-RPG
叛逆の守護者,$16.99,77.43%,Jun 2025,97,3,50,Strategy-RPG
Three Kingdoms Origin,—,77.43%,May 2023,48,0,40,Strategy-RPG
Master of Luna,$14.99,77.41%,Sep 2025,737,0,13,Strategy-RPG
YYDS成神之路,$1.99,77.41%,Sep 2022,53,0,3,Strategy-RPG
Fifefer Island - Terrena's Adventure,$9.99,77.41%,Aug 2021,49,0,2,Strategy-RPG
Magic Tower (Destroy the Wormhole),$1.99,77.41%,Apr 2022,29,0,3,Strategy-RPG
Lucha Chess  DemoDemo,Free,77.41%,Sep 2025,—,0,67,Strategy-RPG
Lionheart: Legacy of the Crusader,$19.99,77.37%,Aug 2003,"1,667",4,18,Strategy-RPG
Goddess of Fate: Waifu RPG,Free,77.36%,Sep 2025,345,23,36,Strategy-RPG
RaidTitans,$8.99,77.36%,Feb 2020,232,0,37,Strategy-RPG
Next Run,$9.99,77.34%,Nov 2025,722,9,47,Strategy-RPG
Apocalypse Run!,$14.99,77.34%,Nov 2023,570,0,6,Strategy-RPG
Roundguard,$19.99,77.30%,Mar 2020,"2,344",2,244,Strategy-RPG
Star Shift Rebellion,$7.99,77.30%,Feb 2024,"1,472",0,6,Strategy-RPG
Demonherd,$19.99,77.30%,Jun 2025,717,2,31,Strategy-RPG
Claritas - Dungeon Crawler RPG,$5.99,77.30%,Jan 2025,165,0,9,Strategy-RPG
Sector Unknown - Prologue,Free,77.26%,May 2025,"3,109",0,"1,117",Strategy-RPG
High Sea Saga DX,$8.99,77.22%,Aug 2023,"2,411",35,"1,146",Strategy-RPG
Beyond the Portal: Island's Salvation,$4.19,77.22%,Jul 2024,"1,539",0,40,Strategy-RPG
Slot & Dungeons,$7.99,77.22%,Oct 2025,997,30,387,Strategy-RPG
Gems of War - Puzzle RPG,Free,77.20%,Nov 2014,"12,328","1,030","3,007",Strategy-RPG
Elsia War,$5.99,77.18%,May 2023,457,0,16,Strategy-RPG
"Bahamut2-Come on,Fight",$9.99,77.18%,Oct 2023,185,1,20,Strategy-RPG
帝国烽烟,Free,77.18%,Jan 2025,54,5,20,Strategy-RPG
Project Morpheus: Prologue,Free,77.16%,Jan 2021,"4,176",1,77,Strategy-RPG
Dragon Throne: Battle of Red Cliffs,$9.99,77.16%,Jan 2024,"1,061",3,41,Strategy-RPG
苍白花树繁茂之时Blood Flowers,$7.99,77.14%,Apr 2023,"1,451",0,18,Strategy-RPG
Heroes of the Three Kingdoms 7,$6.99,77.11%,Nov 2020,"6,917",92,"2,214",Strategy-RPG
Diablo The Abyss,$7.99,77.10%,Aug 2023,939,0,556,Strategy-RPG
Metaphor: ReFantazio - Prologue DemoDemo,Free,77.10%,Sep 2024,—,38,"12,828",Strategy-RPG
Apollyon: River of Life,$14.99,77.06%,Mar 2021,468,1,6,Strategy-RPG
King's Bounty: Warriors of the North,$9.99,77.03%,Oct 2012,"3,780",113,"2,219",Strategy-RPG
Girls' Frontline,Free,77.02%,Nov 2025,"1,412",274,695,Strategy-RPG
Ambition of the Slimes,$4.99,77.02%,Feb 2018,780,0,8,Strategy-RPG
Steam Tactics,$4.99,77.02%,Sep 2017,502,0,8,Strategy-RPG
The Last Warlock,$4.99,77.01%,Aug 2015,869,0,25,Strategy-RPG
TAMAKAGURA: Tales of Turmoil,$3.99,77.00%,Aug 2022,480,0,5,Strategy-RPG
Eldrador® Creatures,$19.99,77.00%,Nov 2020,127,0,11,Strategy-RPG
Living the Nightmare,$2.99,77.00%,Sep 2020,98,0,3,Strategy-RPG
Three Kingdoms and Martial Arts and Jianghu,$0.99,77.00%,Apr 2024,71,0,6,Strategy-RPG
Shadow Cocoon DemoDemo,Free,77.00%,Jun 2025,—,0,11,Strategy-RPG
Shining ForceDLC,—,77.00%,—,—,—,—,Strategy-RPG
Wind Up,Free,76.97%,Jan 2023,283,0,27,Strategy-RPG
东方求闻编年史～Ark of Eternal Recollection DemoDemo,Free,76.97%,Jun 2025,—,0,41,Strategy-RPG
PAGO FOREST: TOWER DEFENSE,$2.99,76.95%,Oct 2020,90,0,4,Strategy-RPG
DungeonTop,$6.55,76.94%,Jun 2020,"4,734",3,270,Strategy-RPG
Swarm the City: Full Release Prologue,—,76.94%,May 2022,"1,181",0,356,Strategy-RPG
Devil's Dungeon,—,76.93%,Feb 2022,"2,384",0,108,Strategy-RPG
Age of Fear 5: The Day of the Rat,$14.99,76.90%,Apr 2024,253,0,9,Strategy-RPG
Mossroot,$14.99,76.90%,Aug 2024,168,0,6,Strategy-RPG
Trials of Proelium,$9.99,76.90%,Dec 2021,154,0,5,Strategy-RPG
wasteland of east,$4.99,76.90%,Sep 2023,74,0,2,Strategy-RPG
The Revenge of Mr.Samuel,$1.99,76.90%,May 2022,32,0,2,Strategy-RPG
Beer Run,Free,76.90%,Jan 2024,30,0,8,Strategy-RPG
Living In Infinity,Free,76.90%,Jul 2025,19,0,3,Strategy-RPG
Trial of Ariah DemoDemo,Free,76.90%,Sep 2025,—,1,3,Strategy-RPG
Jerez's Arena,$19.99,76.89%,Jul 2020,"12,904",5,215,Strategy-RPG
Lost Eidolons: Veil of the Witch,$24.99,76.88%,Oct 2025,"17,097",85,"1,139",Strategy-RPG
新叶旅者与少年的回忆,$3.99,76.85%,Nov 2023,519,0,38,Strategy-RPG
魔塔三国之群雄争霸,$0.99,76.85%,Jun 2022,178,2,48,Strategy-RPG
Promise with My Sister,$8.99,76.76%,May 2024,522,0,10,Strategy-RPG
Rings of Hell,Free,76.76%,Aug 2021,330,0,8,Strategy-RPG
Critter Crossfire,$14.99,76.76%,Jul 2025,282,0,11,Strategy-RPG
Island Market Simulator: Prologue,Free,76.75%,Aug 2025,373,2,713,Strategy-RPG
B100X - Auto Dungeon RPG,Free,76.74%,Jan 2021,"2,433",9,"1,681",Strategy-RPG
Digimon Survive,$59.99,76.72%,Jul 2022,"26,582",108,"6,179",Strategy-RPG
Twilight Memoria,$4.89,76.62%,Aug 2021,360,0,5,Strategy-RPG
Wolvesville,Free,76.61%,Sep 2023,952,55,322,Strategy-RPG
富甲天下2,$3.90,76.61%,Jun 2023,298,4,22,Strategy-RPG
Six Ages: Ride Like the Wind,$19.99,76.59%,Oct 2019,"7,711",0,175,Strategy-RPG
The Adventurers,$12.99,76.59%,Nov 2024,"1,825",2,39,Strategy-RPG
法利恩戰記2 (Furion Chronicles 2),$4.99,76.58%,Dec 2020,508,0,9,Strategy-RPG
Super Bullet Break,$2.99,76.53%,Aug 2022,"3,647",5,226,Strategy-RPG
Dr. Chatelet: Faith 神医,$4.00,76.53%,Nov 2022,"1,082",0,36,Strategy-RPG
Sierra Ops - Space Strategy Visual Novel,$14.99,76.51%,Jan 2020,"3,776",0,"12,559",Strategy-RPG
Tenderfoot Tactics,$14.99,76.51%,Oct 2020,"2,986",0,64,Strategy-RPG
Pathfinder: Kingmaker — Enhanced Plus Edition,$2.99,76.50%,Sep 2018,"112,221",864,"22,643",Strategy-RPG
Monochrome Mobius: Rights and Wrongs Forgotten,$35.99,76.49%,Nov 2022,"9,068",1,723,Strategy-RPG
Chrysalis,$9.99,76.49%,Dec 2024,"1,557",0,120,Strategy-RPG
Deck Adventurers - Origins,$6.99,76.45%,May 2021,138,0,5,Strategy-RPG
Nocan's Quest: Sex Gold Glory DemoDemo,Free,76.45%,Oct 2025,—,0,16,Strategy-RPG
末日战姬-二次元.策略.卡牌.游戏,Free,76.42%,Sep 2025,822,19,117,Strategy-RPG
Reverse Collapse: Code Name Bakery,$24.99,76.38%,Mar 2024,"26,504",12,"2,140",Strategy-RPG
Fabled Lands,$18.99,76.37%,May 2022,"8,616",3,175,Strategy-RPG
战术狂想1(Chimera of Tactics 1),$0.99,76.37%,Sep 2017,281,0,4,Strategy-RPG
未知记录,Free,76.37%,Apr 2022,186,0,36,Strategy-RPG
Megaloot: Prelude,—,76.35%,Jun 2024,"1,355",0,792,Strategy-RPG
Magicians' Legacy: Prologue,Free,76.35%,Apr 2021,237,0,8,Strategy-RPG
Fallen Down,$17.99,76.34%,Aug 2025,611,0,3,Strategy-RPG
Mind Keeper,$10.99,76.34%,Apr 2025,285,0,4,Strategy-RPG
Jeebo & Jerbo vs. Life,$4.99,76.34%,Oct 2021,25,0,3,Strategy-RPG
Catolonizer,$5.99,76.34%,Aug 2025,23,0,10,Strategy-RPG
Master of Magic: Scourge of the SeasDLC,$12.99,76.34%,Feb 2024,—,—,—,Strategy-RPG
The Rings of Powder - The weird world of the ElvesDLC,$4.99,76.34%,Jan 2024,—,—,—,Strategy-RPG
Vagrus - The Riven Realms Season PassDLC,$39.99,76.34%,Nov 2023,—,—,—,Strategy-RPG
Vagrus - The Riven Realms Patronage PackDLC,$9.99,76.34%,Oct 2021,—,—,—,Strategy-RPG
Out of the Park Baseball 24,—,76.31%,Mar 2023,"1,870",60,"1,833",Strategy-RPG
Lessaria: Fantasy Kingdom Sim,$24.90,76.29%,Oct 2025,"14,017",127,"2,152",Strategy-RPG
Sandwalkers - Prologue,Free,76.27%,Jun 2024,"1,698",0,148,Strategy-RPG
Strategic Mind: Spirit of Liberty,$29.73,76.26%,Aug 2023,"2,023",2,90,Strategy-RPG
miniBONG,$0.99,76.25%,Jun 2023,"1,879",71,"2,029",Strategy-RPG
Mercenaries Saga 3 -Gray Wolves of War-,$11.99,76.25%,Oct 2023,470,1,7,Strategy-RPG
Innkeeper's Basement,$6.99,76.25%,Apr 2023,356,0,9,Strategy-RPG
Sovereign Tea,Free,76.25%,Jul 2021,114,0,8,Strategy-RPG
Buy a Croquette! - Guidebook“Nagano Survival Guide”DLC,Free,76.25%,Apr 2024,—,—,—,Strategy-RPG
Union of Gnomes: Prologue,Free,76.20%,May 2024,737,0,205,Strategy-RPG
Kim,$14.99,76.19%,Oct 2016,"2,220",0,7,Strategy-RPG
Ganbare! Super Strikers,$9.99,76.19%,Jul 2018,601,0,199,Strategy-RPG
Legends of the Round Table DemoDemo,Free,76.18%,May 2025,—,0,23,Strategy-RPG
Prison Life,Free,76.15%,Sep 2022,"4,473",47,786,Strategy-RPG
Shujinkou,$59.99,76.13%,Feb 2025,"1,504",1,13,Strategy-RPG
Attack on Hex Island,$14.99,76.13%,Aug 2024,172,0,4,Strategy-RPG
Three Kingdoms 2025 阿达三国志2025（战棋·回合）,Free,76.13%,Oct 2024,59,2,11,Strategy-RPG
Tales of Fortune DemoDemo,Free,76.13%,May 2025,—,0,8,Strategy-RPG
Vagrus - The Riven Realms: At the Heart of RuinDLC,$19.99,76.13%,Oct 2025,—,—,—,Strategy-RPG
Beastie Bay DX,$8.99,76.11%,Dec 2022,733,3,64,Strategy-RPG
武林立志傳,$9.99,76.11%,Sep 2023,690,0,33,Strategy-RPG
"Warhammer 40,000: Chaos Gate - Daemonhunters - Execution ForceDLC",$14.99,76.11%,Jul 2023,—,—,—,Strategy-RPG
Dust to the End,$11.99,76.09%,Aug 2021,"8,985",10,761,Strategy-RPG
三國立志傳,$7.99,76.09%,Jan 2023,571,0,36,Strategy-RPG
Siege Survival: Gloria Victis,$2.49,76.06%,May 2021,"25,402",17,"1,361",Strategy-RPG
Shattered Heaven,$5.99,76.01%,Nov 2023,"8,967",3,43,Strategy-RPG
Fantasy Grounds Classic,—,75.98%,May 2014,"30,277",2,991,Strategy-RPG
Demon Maiden and Slave Summoning,$10.99,75.95%,Oct 2024,"4,354",0,88,Strategy-RPG
The Beginning,—,75.95%,Jun 2023,"1,245",0,687,Strategy-RPG
Vigilantes,$14.99,75.93%,Oct 2018,"4,238",0,132,Strategy-RPG
Dungeon Defenders II,Free,75.90%,Jun 2017,"215,573",323,"18,785",Strategy-RPG
WARPATH OF THE UNIVERSE,$5.99,75.88%,Sep 2025,107,21,107,Strategy-RPG
Shards of the Realm,$19.99,75.86%,Aug 2025,"1,335",1,20,Strategy-RPG
Cossacks: Art of War,$1.24,75.86%,Mar 2002,"1,103",31,59,Strategy-RPG
Summoners War: Chronicles,Free,75.82%,Nov 2022,"21,815",390,"38,641",Strategy-RPG
The Sea Hotel☆Umineko Tei,$6.99,75.82%,Sep 2020,943,0,43,Strategy-RPG
REMORE: INFESTED KINGDOM,$14.99,75.80%,Oct 2023,"5,236",0,57,Strategy-RPG
Soul Wargame,$7.99,75.80%,Jan 2023,942,0,49,Strategy-RPG
Songs of Wuxia,$3.99,75.79%,Sep 2020,"4,773",0,178,Strategy-RPG
秦殇 (Prince of Qin),$0.99,75.78%,Jan 2022,"8,073",6,"1,860",Strategy-RPG
三國立志傳3,$7.99,75.77%,Jul 2023,"1,165",6,179,Strategy-RPG
STARS ERA: ABYSS FRONTIER,$6.99,75.77%,Feb 2024,222,0,6,Strategy-RPG
最后的大法师 光明之旅(Last Archmage Journey of Light),$6.99,75.77%,Jul 2020,195,0,12,Strategy-RPG
"Warhammer 40,000: Chaos Gate - Daemonhunters",$44.99,75.76%,May 2022,"65,012",298,"12,455",Strategy-RPG
Phantom Brigade,$14.99,75.74%,Feb 2023,"47,405","1,595","5,671",Strategy-RPG
Age of Wonders 4: Expansion Pass 3DLC,$49.99,75.72%,Sep 2025,—,—,—,Strategy-RPG
SpellForce: Conquest of Eo - Weaver's RealmsDLC,$14.99,75.72%,Sep 2024,—,—,—,Strategy-RPG
Dungeoneers,$19.99,75.71%,Nov 2022,"1,252",0,36,Strategy-RPG
Dicey Tales,$13.99,75.71%,Dec 2024,444,0,19,Strategy-RPG
Skillsworn,$5.99,75.71%,Aug 2024,257,0,6,Strategy-RPG
Hex Gambit: Respawned,$14.99,75.71%,Mar 2024,198,0,5,Strategy-RPG
Perfect Hand of Nostalpix [REMASTER],$6.99,75.71%,Aug 2024,145,0,5,Strategy-RPG
Bargue,$1.99,75.71%,Jun 2022,132,0,12,Strategy-RPG
Walk with the Living 2,$9.99,75.71%,Jan 2023,129,0,2,Strategy-RPG
GARMM Adventurer Vol.2,$2.99,75.71%,Jul 2024,116,0,4,Strategy-RPG
GalanWarSong,$7.99,75.71%,Oct 2025,93,0,12,Strategy-RPG
勇士末路 The End of Warriors,$3.99,75.71%,Mar 2023,48,0,6,Strategy-RPG
Legend Of Maratha Warriors,$0.99,75.71%,Mar 2021,43,0,1,Strategy-RPG
Fantasy Football Tactics DemoDemo,Free,75.71%,Sep 2025,—,0,4,Strategy-RPG
Pillar of Salt DemoDemo,Free,75.71%,Aug 2025,—,1,11,Strategy-RPG
Knight of Noshland DemoDemo,Free,75.71%,Sep 2025,—,0,3,Strategy-RPG
Inkbound - Supporter Pack: The Starship of TerrorsDLC,$9.99,75.71%,Oct 2023,—,—,—,Strategy-RPG
Monarch : Medieval Remastered,$11.99,75.67%,Aug 2025,"3,326",2,47,Strategy-RPG
Warriors: Rise to Glory,$19.99,75.66%,Jan 2022,"4,518",0,345,Strategy-RPG
Remnants of the Rift,$14.99,75.64%,May 2025,587,0,6,Strategy-RPG
Dark Pact,$9.99,75.64%,Apr 2025,383,0,3,Strategy-RPG
Spellpowder: Uprising,$14.99,75.64%,May 2025,327,0,5,Strategy-RPG
Snowbound Days With Ralph,—,75.64%,Oct 2023,229,0,14,Strategy-RPG
Last Kids on Earth: Hit the Deck!,$14.99,75.64%,Feb 2023,212,1,6,Strategy-RPG
Soul Hero Adventure,$6.99,75.64%,May 2024,77,0,3,Strategy-RPG
亚穆蒂斯,Free,75.64%,Mar 2024,57,0,5,Strategy-RPG
Age of Wonders 4: Empires & AshesDLC,$19.99,75.64%,Nov 2023,—,—,—,Strategy-RPG
Elysium Above 履云录,$24.99,75.60%,Jul 2023,"1,854",1,203,Strategy-RPG
Demonslayer AKA Me,$7.99,75.60%,Apr 2025,241,0,26,Strategy-RPG
Fell Seal: Arbiter's Mark - Missions and MonstersDLC,$12.99,75.55%,Jun 2020,—,—,—,Strategy-RPG
Forgotten Mines,$3.99,75.53%,Jul 2024,"2,457",2,116,Strategy-RPG
Kingsblood,—,75.50%,Jun 2023,"1,093",0,32,Strategy-RPG
Heroes of the Three Kingdoms 6,$3.99,75.49%,Nov 2020,617,5,115,Strategy-RPG
Escape The Mad Empire DemoDemo,Free,75.48%,Feb 2024,—,0,58,Strategy-RPG
Magi,$9.99,75.44%,Mar 2007,426,0,5,Strategy-RPG
Kaamos: Puzzle Roguelike,$9.99,75.43%,Apr 2025,611,0,21,Strategy-RPG
Four Divine Abidings,Free,75.43%,Jul 2025,205,31,111,Strategy-RPG
铁道物语：陆王（Railway Saga:Land King）,$9.99,75.41%,May 2019,"1,985",1,255,Strategy-RPG
Prophecy of Ashen DemoDemo,Free,75.41%,Jun 2025,—,1,20,Strategy-RPG
Tales & Tactics,$17.99,75.40%,Aug 2024,"9,439",24,"1,349",Strategy-RPG
The Stone of Madness,$29.99,75.31%,Jan 2025,"8,899",1,124,Strategy-RPG
Braveland Wizard,$14.99,75.26%,Dec 2014,"1,637",1,86,Strategy-RPG
Winter Clothing,$9.99,75.26%,May 2025,"1,463",0,28,Strategy-RPG
Heart of Enya,Free,75.23%,Mar 2021,324,0,6,Strategy-RPG
Thea 2: The Shattering,$24.99,75.21%,May 2019,"18,172",40,"1,349",Strategy-RPG
Mercenaries Saga 1 -Will of the White Lions-,$11.99,75.12%,Oct 2023,700,0,21,Strategy-RPG
Astonishing Baseball Manager,Free,75.12%,Jan 2022,237,1,13,Strategy-RPG
The Iron Oath,$14.99,75.11%,Nov 2023,"32,048",19,725,Strategy-RPG
Wild Script: Nature,$10.99,75.10%,Jul 2025,562,0,6,Strategy-RPG
The Orc Invasion,$10.99,75.10%,Apr 2025,81,0,4,Strategy-RPG
Ark of Trisolar (三体方舟),$17.99,75.10%,Jul 2025,75,0,11,Strategy-RPG
Doge Head Attack,$2.99,75.10%,Sep 2024,14,0,2,Strategy-RPG
Node Nexus DemoDemo,Free,75.10%,Jun 2025,—,0,22,Strategy-RPG
Rise of the White Sun - Taming the TigersDLC,$6.99,75.10%,Aug 2025,—,—,—,Strategy-RPG
The Lamplighters League - IsaacDLC,Free,75.10%,Nov 2023,—,—,—,Strategy-RPG
Purgatory Dungeoneer,$9.99,75.09%,Oct 2022,491,0,9,Strategy-RPG
Metal Slug Tactics,$24.99,75.07%,Nov 2024,"29,539",5,"1,284",Strategy-RPG
Touhou: Dreamland of Infinity,$19.99,75.07%,Nov 2022,913,0,99,Strategy-RPG
Legend of Mana,$11.99,75.06%,Jun 2021,"22,103",5,"1,479",Strategy-RPG
Checkmage! DemoDemo,Free,75.03%,Aug 2025,—,1,9,Strategy-RPG
Banners of Ruin - IrisDLC,$1.99,75.03%,Sep 2023,—,—,—,Strategy-RPG
木夕镇的午夜轮回 Midnight cycle in Muxi Town,$0.99,75.02%,May 2023,141,0,15,Strategy-RPG
Halcyon 6: Starbase Commander (LIGHTSPEED EDITION),$14.99,75.01%,Aug 2017,"3,220",4,420,Strategy-RPG
Lights and Shadow,$9.99,75.01%,Apr 2025,510,0,173,Strategy-RPG
Expedition: Shadow World,$11.99,75.00%,Sep 2025,224,0,4,Strategy-RPG
Crossed Commands: Collision,$7.99,75.00%,Sep 2025,175,0,4,Strategy-RPG
Block The Monster,$11.99,75.00%,Nov 2023,56,0,3,Strategy-RPG
Mystica,$4.99,75.00%,Jan 2023,50,1,7,Strategy-RPG
创世法则,$5.99,75.00%,Aug 2024,44,0,11,Strategy-RPG
Mid-Death Crisis,Free,75.00%,May 2024,43,0,3,Strategy-RPG
CAWEZ's Puzzlebox: HIRAETH,Free,75.00%,Aug 2024,33,0,3,Strategy-RPG
Necrotyper,$14.99,75.00%,Oct 2024,32,0,4,Strategy-RPG
Not a Dream Job,$0.99,75.00%,Aug 2025,17,0,2,Strategy-RPG
Night Vigil,$1.99,75.00%,Mar 2024,16,0,5,Strategy-RPG
Sunny Trails DemoDemo,Free,75.00%,May 2025,—,0,7,Strategy-RPG
The Spirit Engine DX DemoDemo,Free,75.00%,Sep 2025,—,0,6,Strategy-RPG
Ved : Journey Beyond the Cube DemoDemo,Free,75.00%,Mar 2025,—,0,4,Strategy-RPG
Headquarters: World War II - ArdennesDLC,$14.99,75.00%,Feb 2025,—,—,—,Strategy-RPG
Rise of the White Sun - The Yellow WayDLC,Free,75.00%,Jun 2024,—,—,—,Strategy-RPG
GPRO - Classic racing manager,Free,74.99%,Feb 2023,799,19,215,Strategy-RPG
Aurora - Hidden Colors,$0.79,74.99%,Sep 2021,89,0,3,Strategy-RPG
迅风的米斯特汀 Windy Mystletainn,$0.49,74.99%,Oct 2021,83,0,4,Strategy-RPG
Hyperdevotion Noire: Goddess Black Heart (Neptunia),$14.99,74.87%,Apr 2016,"9,813",0,499,Strategy-RPG
Dungeon Team,Free,74.86%,Nov 2024,447,8,52,Strategy-RPG
Touhou Spell Carnival,$49.99,74.85%,May 2025,492,0,12,Strategy-RPG
The Dark Cave,$4.99,74.81%,Jul 2024,525,0,85,Strategy-RPG
晨昏线,$9.99,74.80%,Feb 2025,"1,773",0,529,Strategy-RPG
Epic Astro Story,$8.99,74.80%,Oct 2022,447,0,30,Strategy-RPG
鸿运修仙传,$5.99,74.78%,Sep 2025,78,0,15,Strategy-RPG
Songs of Silence - LighteatersDLC,$7.99,74.78%,Feb 2025,—,—,—,Strategy-RPG
Fight Life: Vanguard DemoDemo,Free,74.78%,Sep 2024,—,0,11,Strategy-RPG
Dust and Salt,$7.99,74.77%,Jan 2018,828,0,17,Strategy-RPG
Pixel Game EngineApplication,$29.99,74.71%,Apr 2023,504,0,9,Strategy-RPG
Duck Life 4 Classic,$3.99,74.63%,Sep 2025,65,0,7,Strategy-RPG
Fantasy Maiden Wars - DREAM OF THE STRAY DREAMER - DemoDemo,Free,74.63%,Sep 2025,—,0,46,Strategy-RPG
精灵幻境  Elven dreams,$0.99,74.62%,Dec 2023,132,0,29,Strategy-RPG
夢幻四驅車,$3.99,74.61%,May 2024,253,0,26,Strategy-RPG
BM Love Cafe,$7.99,74.60%,Sep 2024,"1,390",4,124,Strategy-RPG
Age of Wonders 4: Ways of WarDLC,$14.99,74.60%,Nov 2024,—,—,—,Strategy-RPG
Rune Coliseum: Chained Warrior,—,74.59%,Jun 2024,740,0,109,Strategy-RPG
Swords and Sandals 2 Redux,$9.99,74.56%,Jun 2017,"1,071",5,52,Strategy-RPG
Prison Life 2,$4.99,74.53%,Mar 2023,"1,462",2,73,Strategy-RPG
Dawn of Kagura: Keika's Story,$3.99,74.53%,Jan 2022,342,0,5,Strategy-RPG
Toverblade,$5.99,74.53%,May 2021,124,0,5,Strategy-RPG
Brew or Die,$6.99,74.53%,Oct 2025,66,0,6,Strategy-RPG
Ean's End,$1.99,74.53%,Sep 2022,53,0,5,Strategy-RPG
Split Times,Free,74.53%,May 2025,38,0,15,Strategy-RPG
Dicefolk: Will Chimeras PackDLC,$4.99,74.53%,Aug 2024,—,—,—,Strategy-RPG
Whispers of the Eyeless,$19.99,74.52%,Jan 2025,"5,735",0,60,Strategy-RPG
Netoria Tactics 2,$14.99,74.51%,Nov 2025,"1,069",1,44,Strategy-RPG
Dawn of Kagura: Hatsuka's Story,$3.99,74.51%,Jan 2022,358,0,4,Strategy-RPG
Mortal Glory 2 Prologue,Free,74.41%,Jan 2024,136,0,17,Strategy-RPG
CountryBalls Heroes,$14.99,74.40%,Nov 2021,"5,964",1,207,Strategy-RPG
The Emperor and State Prologue,—,74.39%,Jun 2022,"2,420",0,432,Strategy-RPG
Frontline: World War II,$11.99,74.38%,Jan 2021,756,0,12,Strategy-RPG
磨难之间 SUFFERING: Reincarnation of Sins,$9.99,74.37%,May 2021,573,0,19,Strategy-RPG
Skygard Arena,$14.99,74.34%,Sep 2025,"2,034",0,38,Strategy-RPG
Pathway,$15.99,74.29%,Apr 2019,"32,386",10,"1,952",Strategy-RPG
Project Thea,$17.99,74.28%,Nov 2025,"1,329",24,66,Strategy-RPG
Age of Fear: Total,$44.99,74.28%,Jun 2023,706,2,15,Strategy-RPG
Words of Yendor,$11.99,74.28%,Nov 2023,158,0,6,Strategy-RPG
Our Ascent,$4.99,74.20%,Sep 2024,234,0,17,Strategy-RPG
Reverse Collapse: Code Name Bakery-Deluxe Edition Upgrade PackDLC,$12.99,74.20%,Mar 2024,—,—,—,Strategy-RPG
Hero Quest - God of Chaos,$19.99,74.19%,Mar 2025,139,2,5,Strategy-RPG
Arena Monarchy,$4.99,74.19%,Mar 2025,119,0,6,Strategy-RPG
Boardquest: Tales of Liria,$11.99,74.19%,Nov 2024,87,0,4,Strategy-RPG
BountyHeart,$4.99,74.19%,May 2023,78,0,3,Strategy-RPG
Through Rust We Are Returned,Free,74.19%,May 2021,72,0,5,Strategy-RPG
"Aldriak, the advent of a new world",$19.99,74.19%,Nov 2024,72,0,2,Strategy-RPG
AI探案集,$1.99,74.19%,Jun 2024,38,0,4,Strategy-RPG
Banbard,$19.99,74.19%,Apr 2024,35,0,3,Strategy-RPG
Witchcrafter The TCG,$12.79,74.19%,Sep 2025,33,0,2,Strategy-RPG
Vagrus - The Riven Realms Ruinous Supporter PackDLC,$9.99,74.19%,Oct 2025,—,—,—,Strategy-RPG
Age of Fear 2: The Chaos Lord GOLD,$4.99,74.16%,Mar 2016,"4,621",0,68,Strategy-RPG
Goalgetter,$39.99,74.14%,Nov 2023,610,0,59,Strategy-RPG
Age of Gladiators,$7.98,74.13%,Feb 2016,"7,682",0,378,Strategy-RPG
眼中的世界 - Conviction -,$14.99,74.09%,Feb 2021,"2,130",0,53,Strategy-RPG
Paper Bride 6 Nightmare,$9.99,74.05%,Dec 2024,"1,300",2,554,Strategy-RPG
Kitty Tactics,$3.99,74.03%,Feb 2021,251,0,4,Strategy-RPG
Trials of Guinevere,$8.99,74.03%,Dec 2019,142,0,4,Strategy-RPG
异世界杂货铺 skyscraper in Another world,$5.99,74.00%,Mar 2023,233,0,33,Strategy-RPG
Loser Got Isekai’d  -Gotta Conquer the Girls Before Conquering the World-,$13.99,73.93%,Oct 2025,"1,121",0,43,Strategy-RPG
Field of Glory II: Medieval,$29.99,73.92%,Feb 2021,"7,974",26,540,Strategy-RPG
GARMM Adventurer Vol.1,$2.49,73.89%,Dec 2023,168,0,3,Strategy-RPG
The Most Epicest Snowball Fight Ever!,Free,73.89%,Aug 2025,102,0,3,Strategy-RPG
Seedborne Soldiers,$11.99,73.89%,Oct 2025,69,1,6,Strategy-RPG
Unionatic,$2.99,73.89%,Oct 2021,59,0,3,Strategy-RPG
Pedigree Tactics,$4.99,73.89%,Jan 2023,51,0,3,Strategy-RPG
Headquarters: World War II - Market GardenDLC,$9.99,73.89%,Sep 2024,—,—,—,Strategy-RPG
WildFront,Free,73.87%,Oct 2024,268,0,40,Strategy-RPG
WindStop Strategy DemoDemo,Free,73.86%,Oct 2024,—,7,813,Strategy-RPG
Conqueror's Blade,—,73.79%,May 2019,"64,575",2,"15,008",Strategy-RPG
The Riftbreaker: Metal TerrorDLC,$9.99,73.77%,Jul 2022,—,—,—,Strategy-RPG
Heretic Operative,$19.99,73.76%,Feb 2019,"2,451",0,31,Strategy-RPG
BANCHOU TACTICS,$19.99,73.76%,Aug 2023,"2,106",0,65,Strategy-RPG
Unpredictable Star,$8.99,73.75%,Aug 2025,198,1,9,Strategy-RPG
我在西游开黑店,$4.99,73.75%,Apr 2025,58,0,10,Strategy-RPG
Indies' Lies 2: Fire Seed,$14.99,73.67%,Nov 2025,634,8,206,Strategy-RPG
做了个魔塔 Just made a MageTower,Free,73.66%,Dec 2021,275,0,53,Strategy-RPG
Super Idol,$11.99,73.63%,Jan 2024,"4,835",1,75,Strategy-RPG
反图灵测试/Anti-TuringTest,$10.99,73.63%,Sep 2021,291,0,12,Strategy-RPG
Miss Peach,$2.39,73.63%,Oct 2023,247,0,10,Strategy-RPG
三國立志傳2,$7.99,73.61%,Mar 2023,"1,390",3,130,Strategy-RPG
最后的巫后：众王纷争的年代 Witch Queen,$7.99,73.59%,Mar 2022,636,0,26,Strategy-RPG
Disgaea 7: Vows of the Virtueless,$59.99,73.55%,Oct 2023,"10,355",20,"2,597",Strategy-RPG
神火之痕,Free,73.53%,Aug 2025,143,10,54,Strategy-RPG
Headquarters: World War II,$39.99,73.49%,Apr 2024,"12,859",13,364,Strategy-RPG
Strategic Mind: Spectre of Communism,$29.73,73.48%,Nov 2020,"5,412",4,97,Strategy-RPG
列传：革新战争,$16.99,73.47%,Jan 2021,"1,538",0,34,Strategy-RPG
Dawn of Kagura: Natsu's Story,$3.99,73.45%,Jan 2022,300,0,4,Strategy-RPG
Age of Legion,$9.99,73.45%,May 2021,174,0,9,Strategy-RPG
Tales of Lyfael,$12.99,73.45%,Jun 2025,173,0,6,Strategy-RPG
三國幻想戰記,Free,73.45%,Oct 2024,98,0,11,Strategy-RPG
Fairy Fencer F: Refrain Chord,$49.99,73.42%,May 2023,"2,936",1,72,Strategy-RPG
Legends of Eisenwald,$19.99,73.40%,Jul 2015,"14,684",16,872,Strategy-RPG
中年失业模拟器When a man lose his job,$2.39,73.40%,May 2021,"1,568",0,325,Strategy-RPG
三国真龙传,$4.99,73.39%,Apr 2024,630,3,33,Strategy-RPG
Death end re;Quest: Code Z,$39.99,73.38%,Aug 2025,"1,288",0,43,Strategy-RPG
Zombie Party 丧尸派对,$5.99,73.38%,Jan 2024,"1,155",0,142,Strategy-RPG
One Military Camp,$24.99,73.36%,Jul 2023,"15,852",9,822,Strategy-RPG
XenoWorld ~The Rondeau of Astra~,$10.99,73.34%,Oct 2023,"1,063",0,59,Strategy-RPG
The Storm Guard: Darkness is Coming,$19.99,73.30%,Aug 2016,"4,890",0,78,Strategy-RPG
Age of Fear 4: The Iron Killer,$10.49,73.30%,Apr 2021,739,0,33,Strategy-RPG
Sect And Monsters,$2.49,73.29%,Jan 2024,355,5,227,Strategy-RPG
Demon's Rise - War for the Deep,$6.99,73.27%,Apr 2018,"1,528",1,42,Strategy-RPG
Fate of WINDSHIFT,$7.69,73.27%,Jun 2021,343,0,6,Strategy-RPG
GearHead Caramel,$9.99,73.27%,Jul 2022,297,0,4,Strategy-RPG
Arcane Ascent,$14.99,73.27%,Dec 2024,222,0,3,Strategy-RPG
Next Run DemoDemo,Free,73.27%,Oct 2025,—,1,30,Strategy-RPG
Sumerian Six DemoDemo,Free,73.27%,Jun 2024,—,1,66,Strategy-RPG
Yokai Tales,$5.99,73.26%,Aug 2025,109,0,2,Strategy-RPG
Gate Guardian,$4.99,73.26%,Sep 2024,89,0,7,Strategy-RPG
Limited Lifetime Corp,$4.99,73.26%,Aug 2022,68,0,4,Strategy-RPG
TRACHI – ANARCHY,Free,73.26%,Aug 2023,48,0,3,Strategy-RPG
Mystic Hammer,$4.99,73.26%,Oct 2020,45,0,3,Strategy-RPG
Three Legions: Erosion of the Abyss,—,73.26%,Jun 2025,38,0,4,Strategy-RPG
Feast of Fools,Free,73.26%,Oct 2025,32,0,2,Strategy-RPG
Natural Selection University,$1.99,73.26%,Mar 2025,28,0,2,Strategy-RPG
病狱,Free,73.26%,Jul 2025,22,0,4,Strategy-RPG
Your Magic Hook,$2.99,73.26%,Jul 2025,15,0,2,Strategy-RPG
They All Come Back,$1.99,73.26%,Jul 2021,15,0,2,Strategy-RPG
The Last Good Boy - DemoDemo,Free,73.26%,Aug 2025,—,0,25,Strategy-RPG
The Art Collector DemoDemo,Free,73.26%,Sep 2024,—,0,4,Strategy-RPG
Ancient Wars: Medieval Crusades,$19.99,73.25%,Jan 2024,"1,715",1,26,Strategy-RPG
Obsidian Prince,$14.99,73.24%,May 2022,"3,446",0,108,Strategy-RPG
Ritual on the Eve 前夜祭,$2.99,73.24%,Aug 2018,459,0,8,Strategy-RPG
Crossroads: Lucky Edition,Free,73.24%,Mar 2019,230,0,55,Strategy-RPG
The Hilarious Three Kingdoms,$5.99,73.24%,Sep 2024,176,0,80,Strategy-RPG
Evolings,$2.24,73.23%,Sep 2023,988,7,207,Strategy-RPG
Sword of Atlas,Free,73.21%,Apr 2022,406,0,6,Strategy-RPG
Monsters Domain: Prologue,Free,73.20%,Jun 2023,"5,673",0,"1,368",Strategy-RPG
Isles of Silence,$5.99,73.20%,Jul 2024,164,3,60,Strategy-RPG
Happy Piggy 2,$2.40,73.19%,Jul 2025,"1,830",0,2,Strategy-RPG
NikNaks,$9.99,73.19%,Oct 2025,211,0,19,Strategy-RPG
Broken Blade: Prelude,$0.99,73.19%,Feb 2023,83,0,5,Strategy-RPG
隐刺,—,73.19%,Jan 2022,48,0,6,Strategy-RPG
Mausoleum of Memories,Free,73.19%,May 2024,41,0,2,Strategy-RPG
Mini Merchant,$5.99,73.19%,Feb 2025,25,0,3,Strategy-RPG
Dimensional Warrior,$6.99,73.19%,Oct 2024,23,0,8,Strategy-RPG
Devil's Dungeon Free Bonus PatchDLC,—,73.19%,Dec 2021,—,—,—,Strategy-RPG
Populous™,$2.49,73.08%,Mar 2024,778,4,60,Strategy-RPG
"Warhammer 40,000: Mechanicus II DemoDemo",Free,73.06%,Oct 2025,—,7,650,Strategy-RPG
Sid Classic,Free,73.03%,Feb 2021,630,0,96,Strategy-RPG
Every Day We Fight,$14.99,73.02%,Jul 2025,"12,901",15,284,Strategy-RPG
Skill Legends Royale,Free,73.02%,Nov 2024,"2,754",539,"5,223",Strategy-RPG
"Metaphor: ReFantazio - Gekkoukan High School Uniform (7), Battle BGM & Battle Jingle SetDLC",$3.49,72.99%,Oct 2024,—,—,—,Strategy-RPG
Heroes of Steel RPG,$2.99,72.98%,Apr 2014,"4,700",2,58,Strategy-RPG
Raiders! Forsaken Earth,$19.58,72.95%,Nov 2020,"7,169",0,168,Strategy-RPG
"Kingdom, Dungeon, and Hero",$29.99,72.94%,Jul 2024,"4,927",2,84,Strategy-RPG
Netoria Tactics: Revolution Gold,$9.99,72.93%,Mar 2024,"1,201",6,31,Strategy-RPG
Adorable Crush,$1.04,72.86%,Oct 2020,"3,048",0,395,Strategy-RPG
۩ Tomb of the Brave ۩,$1.99,72.86%,Apr 2024,75,0,11,Strategy-RPG
Dungeons of the Obelisk,Free,72.86%,Mar 2024,63,0,9,Strategy-RPG
群名兵册 Weapons,$16.99,72.86%,Oct 2025,30,0,4,Strategy-RPG
Songs of Conquest - VanirDLC,$9.99,72.80%,Dec 2024,—,—,—,Strategy-RPG
Mage Mayhem,—,72.76%,Jul 2023,130,0,21,Strategy-RPG
The Note of Red Evil,$3.99,72.76%,Feb 2020,118,0,5,Strategy-RPG
FatSheep Crisis II,$2.39,72.76%,Nov 2024,83,0,32,Strategy-RPG
Square City Builder,$0.74,72.76%,Sep 2023,66,0,3,Strategy-RPG
一梦封神,Free,72.76%,Oct 2023,54,0,10,Strategy-RPG
Business War: ERP Sandbox Simulation,$15.99,72.75%,Apr 2025,212,0,19,Strategy-RPG
迷霧國度: 傳承 Myth of Mist：Legacy,$24.99,72.69%,Jan 2022,"2,130",0,44,Strategy-RPG
Desta: The Memories Between,$16.99,72.63%,Apr 2023,"1,956",0,25,Strategy-RPG
To Battle!: Hell's Crusade,$8.99,72.63%,Jul 2019,940,0,10,Strategy-RPG
Rebornia - MMORPG 2D,Free,72.61%,Feb 2020,485,0,52,Strategy-RPG
Three Kingdoms Mushouden,$24.99,72.60%,Jun 2025,"12,385",66,"6,033",Strategy-RPG
Spaceland: Sci-Fi Indie Tactics,$19.99,72.60%,Sep 2019,"7,827",0,126,Strategy-RPG
Kingdom Under Fire: Heroes,$19.99,72.60%,Jun 2020,"2,804",7,131,Strategy-RPG
Idle Land of Exile,$4.24,72.60%,Aug 2025,665,40,"1,074",Strategy-RPG
Buzz Aldrin's Space Program Manager,$29.99,72.59%,Oct 2014,"7,149",2,461,Strategy-RPG
Forge of Gods (RPG),—,72.59%,May 2016,"5,098",0,"5,445",Strategy-RPG
First Feudal,$19.99,72.50%,Apr 2021,"24,735",3,135,Strategy-RPG
烈山海贰,$19.99,72.49%,Jan 2022,467,0,30,Strategy-RPG
Tactical Warfare: Siege Survival,Free,72.48%,Jul 2024,395,0,12,Strategy-RPG
Deadwater Saloon Prologue,Free,72.46%,Aug 2022,"1,083",0,111,Strategy-RPG
Esports History,$9.99,72.43%,Oct 2024,"1,892",7,294,Strategy-RPG
Crusaders Quest : Mini,Free,72.43%,Nov 2025,121,269,642,Strategy-RPG
Re;Lord 2 ~The witch of Cologne and black cat~,$19.99,72.42%,Nov 2021,823,0,6,Strategy-RPG
Magic Cauldron - Dungeons,$4.99,72.42%,Sep 2024,134,0,4,Strategy-RPG
制服少女,$0.99,72.42%,Oct 2021,129,0,7,Strategy-RPG
Little Robot,Free,72.42%,Jan 2025,89,0,4,Strategy-RPG
电码无声,Free,72.42%,Jun 2024,74,0,2,Strategy-RPG
The Specter Chronicles: Episode 1 - The False Prophet,Free,72.42%,Feb 2023,57,0,3,Strategy-RPG
Brew or Die DemoDemo,Free,72.42%,Aug 2025,—,0,3,Strategy-RPG
Helmetman,$19.99,72.39%,Mar 2023,783,0,21,Strategy-RPG
三国英雄演义(Three Kingdoms Heroes Epic),$8.99,72.38%,Aug 2024,175,0,15,Strategy-RPG
Project Thea DemoDemo,Free,72.38%,Aug 2025,—,2,25,Strategy-RPG
Deep Fringe DemoDemo,Free,72.38%,Apr 2025,—,0,17,Strategy-RPG
Suzukuri Dungeon: Karin in the Mountain,$14.99,72.36%,Aug 2024,"3,279",2,243,Strategy-RPG
Krzyżacy - The Knights of the Cross,$7.99,72.33%,Jul 2023,"4,716",2,787,Strategy-RPG
東方翠神廻廊 〜 Faith in the Goddess of Suwa.,Free,72.27%,Feb 2019,"2,918",0,90,Strategy-RPG
Shadowveil: Legend of The Five Rings,$24.99,72.24%,Mar 2025,"4,320",0,491,Strategy-RPG
Infested Fortress,$19.99,72.24%,Oct 2023,"1,924",0,21,Strategy-RPG
Defend the Rook,$3.59,72.23%,Oct 2021,"3,938",1,226,Strategy-RPG
The Sargosian Abyss,$7.99,72.22%,May 2022,196,0,4,Strategy-RPG
Archaeology - Grass Farm,$199.99,72.22%,Mar 2025,17,0,2,Strategy-RPG
La Porte des Fauconniers : Guerre Médiévale,$1.99,72.21%,Jul 2022,505,0,6,Strategy-RPG
Ayni Fairyland,$3.99,72.21%,Jan 2019,290,0,3,Strategy-RPG
Dream magic will,$1.99,72.21%,Aug 2022,76,0,5,Strategy-RPG
Suzerain: Rizia Pre-Order Bonus & Royal Gold BarDLC,—,72.21%,Mar 2024,—,—,—,Strategy-RPG
SpellForce 3 Versus Edition,Free,72.20%,Nov 2020,"7,868",100,"1,296",Strategy-RPG
Dreadful River,$19.99,72.20%,Feb 2023,"2,954",0,17,Strategy-RPG
CASE,$3.99,72.17%,Dec 2024,"1,824",0,5,Strategy-RPG
Magic and Machines,$3.99,72.17%,Jun 2023,347,0,3,Strategy-RPG
Fractalis,$7.99,72.17%,Feb 2021,267,0,4,Strategy-RPG
69 Days After,$6.99,72.17%,Sep 2025,87,0,5,Strategy-RPG
Echoes of Karma,$14.99,72.17%,Aug 2023,61,0,2,Strategy-RPG
A Noite Sem Fim,$5.99,72.17%,Jan 2022,52,0,2,Strategy-RPG
DRUID,$2.99,72.17%,Jun 2024,43,0,2,Strategy-RPG
Shadow Spell Saga: The Winds of Fate,$9.99,72.17%,Feb 2025,38,0,3,Strategy-RPG
Lost Pages: Classic,$5.39,72.17%,Dec 2024,35,0,2,Strategy-RPG
乾坤盘,Free,72.17%,Feb 2024,26,0,2,Strategy-RPG
Boundless,Free,72.17%,Jul 2025,18,0,2,Strategy-RPG
Misery Avenue,$3.99,72.17%,Apr 2025,13,0,2,Strategy-RPG
LadderClimbing,$2.99,72.17%,May 2024,13,0,2,Strategy-RPG
Arena,$2.00,72.17%,Jun 2025,5,0,1,Strategy-RPG
SPARTA 2035 – Sea of PiratesDLC,Free,72.17%,Nov 2025,—,—,—,Strategy-RPG
Squad Tactics DemoDemo,Free,72.17%,Apr 2025,—,0,5,Strategy-RPG
Empire Game DemoDemo,—,72.17%,May 2025,—,0,21,Strategy-RPG
Fuga: Melodies of Steel (Manga) Vol. 1DLC,$3.49,72.17%,Jul 2024,—,—,—,Strategy-RPG
Shelter of Exiles DemoDemo,Free,72.17%,Feb 2024,—,0,9,Strategy-RPG
HeistGeist DemoDemo,Free,72.17%,Feb 2023,—,0,13,Strategy-RPG
Vagrus - The Riven Realms OSTMusic,$9.99,72.17%,Oct 2021,—,—,—,Strategy-RPG
VED,$24.99,72.10%,Nov 2024,"2,043",0,19,Strategy-RPG
Royal Revolt II,Free,72.08%,May 2021,618,52,145,Strategy-RPG
YGGDRA REFRAIN,$8.99,72.08%,Nov 2025,357,57,196,Strategy-RPG
Leman,$24.99,72.06%,Apr 2022,550,1,8,Strategy-RPG
Urban Strife,$34.99,72.02%,Dec 2024,"17,680",6,256,Strategy-RPG
Tactics Ogre: Reborn,$19.99,72.01%,Nov 2022,"41,354",223,"10,677",Strategy-RPG
Super Dungeon Tactics,$9.99,71.96%,Dec 2016,"3,545",0,135,Strategy-RPG
大宋广记,$8.99,71.95%,Sep 2023,554,0,19,Strategy-RPG
Magic Trap,$49.99,71.94%,May 2024,244,0,2,Strategy-RPG
Shadow Lotus,$14.99,71.91%,Aug 2025,"2,344",0,38,Strategy-RPG
Walk with the Living,Free,71.89%,Jan 2022,229,0,5,Strategy-RPG
WARTILE,$19.99,71.80%,Feb 2018,"25,239",0,332,Strategy-RPG
NEOGEO POCKET COLOR SELECTION Vol.2,$39.99,71.78%,Nov 2022,629,0,9,Strategy-RPG
